FileName;LiveTime ; RealTime ; MeasurementDate ; MeasurementTime ; Sample_ID ; User_ID;Ni_Area ;Ni_ DArea ;Ni_ ChiSqr;Cu_Area ;Cu_ DArea ;Cu_ ChiSqr;Zn_Area ;Zn_ DArea ;Zn_ ChiSqr;Ga_Area ;Ga_ DArea ;Ga_ ChiSqr;Br_Area ;Br_ DArea ;Br_ ChiSqr;Rb_Area ;Rb_ DArea ;Rb_ ChiSqr;Sr_Area ;Sr_ DArea ;Sr_ ChiSqr;Y_Area ;Y_ DArea ;Y_ ChiSqr;Zr_Area ;Zr_ DArea ;Zr_ ChiSqr;Nb_Area ;Nb_ DArea ;Nb_ ChiSqr;Mo_Area ;Mo_ DArea ;Mo_ ChiSqr;Hg_Area ;Hg_ DArea ;Hg_ ChiSqr;Pb_Area ;Pb_ DArea ;Pb_ ChiSqr;Bi_Area ;Bi_ DArea ;Bi_ ChiSqr
e:\XRF_Data\Nathalie Dubois\AWEL2017\AW-13-16\Run 2 at  30kV\AW-13-16   45.0mm  30s  30kV 2000uA Pd-Thick   0.0mm Run2 Rep0.wax;30;95;23/01/2017 22:55:10;;45;;99;3;0.3;3286;4;1.4;8919;7;3.7;-206;8;0.3;6287;22;1.9;10540;29;1.3;32424;31;1.2;12454;33;1.9;9004;34;1.2;1095;34;0.7;-6641;35;1.4;962;11;0.5;5316;14;1.5;3303;15;1.5
e:\XRF_Data\Nathalie Dubois\AWEL2017\AW-13-16\Run 2 at  30kV\AW-13-16   50.0mm  30s  30kV 2000uA Pd-Thick   0.0mm Run2 Rep0.wax;30;85;23/01/2017 22:56:56;;50;;185;86;0.4;4642;132;0.4;14948;209;3.3;-47;229;0.6;4904;635;1.3;8368;816;1.6;31308;897;1.1;10618;931;2.1;7453;958;1.1;3185;975;1.3;-1405;987;1.1;782;317;0.6;5809;403;1.2;3472;443;2
e:\XRF_Data\Nathalie Dubois\AWEL2017\AW-13-16\Run 2 at  30kV\AW-13-16   55.0mm  30s  30kV 2000uA Pd-Thick   0.0mm Run2 Rep0.wax;30;63;23/01/2017 22:58:33;;55;;455;2;0.4;6660;4;0.5;159885;13;1.9;-378;6;1.4;4963;15;1;6289;19;0.7;66917;22;0.7;6575;22;1;11082;23;0.8;3578;23;0.8;785;23;0.6;730;8;0.6;15701;10;1.4;1822;11;1.4
e:\XRF_Data\Nathalie Dubois\AWEL2017\AW-13-16\Run 2 at  30kV\AW-13-16   60.0mm  30s  30kV 2000uA Pd-Thick   0.0mm Run2 Rep0.wax;30;66;23/01/2017 22:59:48;;60;;1023;91;2.5;13314;160;1;332547;586;4.8;-641;189;2.7;5781;474;0.5;10170;571;0.5;119874;795;0.4;7187;650;0.9;19021;695;0.9;2434;679;0.7;2026;802;0.6;1000;251;0.7;32914;335;2.2;1081;319;0.9
e:\XRF_Data\Nathalie Dubois\AWEL2017\AW-13-16\Run 2 at  30kV\AW-13-16   65.0mm  30s  30kV 2000uA Pd-Thick   0.0mm Run2 Rep0.wax;30;72;23/01/2017 23:01:07;;65;;1346;98;2.3;11749;159;1.7;417731;653;6.1;-1263;198;3.6;6659;495;0.9;9775;597;0.7;132284;834;0.3;7526;680;1.4;14548;722;1.2;3518;712;0.7;632;844;0.6;1161;261;0.6;37744;351;2.1;1486;332;0.7
e:\XRF_Data\Nathalie Dubois\AWEL2017\AW-13-16\Run 2 at  30kV\AW-13-16   70.0mm  30s  30kV 2000uA Pd-Thick   0.0mm Run2 Rep0.wax;30;68;23/01/2017 23:02:30;;70;;1190;93;0.8;9938;154;1.4;542314;733;7.9;-617;196;3.9;5930;481;0.3;9345;576;0.6;111714;787;0.9;8253;658;2.3;22924;707;0.6;4170;687;0.7;1822;810;0.7;1505;254;0.9;38240;345;2.1;1145;322;1.2
e:\XRF_Data\Nathalie Dubois\AWEL2017\AW-13-16\Run 2 at  30kV\AW-13-16   75.0mm  30s  30kV 2000uA Pd-Thick   0.0mm Run2 Rep0.wax;30;69;23/01/2017 23:03:49;;75;;1238;91;0.7;9037;148;1.5;457064;679;6.9;-833;199;5;4287;486;0.8;10279;586;0.5;116545;795;0.6;10717;667;2.3;28049;720;1;3042;696;0.8;1852;825;0.5;1012;257;1;47970;361;3.1;1629;329;1.1
e:\XRF_Data\Nathalie Dubois\AWEL2017\AW-13-16\Run 2 at  30kV\AW-13-16   80.0mm  30s  30kV 2000uA Pd-Thick   0.0mm Run2 Rep0.wax;30;69;23/01/2017 23:05:09;;80;;1234;94;0.8;29131;210;1.6;535643;733;7;-1733;206;8.4;3929;486;1.3;12262;585;0.7;108578;771;1;9661;662;1.6;31898;715;0.8;3072;687;0.5;2611;808;0.6;874;260;0.7;70620;391;3.4;1551;333;0.7
e:\XRF_Data\Nathalie Dubois\AWEL2017\AW-13-16\Run 2 at  30kV\AW-13-16   85.0mm  30s  30kV 2000uA Pd-Thick   0.0mm Run2 Rep0.wax;30;73;23/01/2017 23:06:29;;85;;1054;95;0.5;25209;206;1.9;757215;862;15.8;-1530;220;11.5;5452;503;1.1;9883;604;0.6;77572;750;1.8;10061;683;2.8;16094;714;1;3127;705;0.6;1906;814;0.6;492;267;1;81840;418;6.7;1634;347;1.1
e:\XRF_Data\Nathalie Dubois\AWEL2017\AW-13-16\Run 2 at  30kV\AW-13-16   90.0mm  30s  30kV 2000uA Pd-Thick   0.0mm Run2 Rep0.wax;30;75;23/01/2017 23:07:53;;90;;1085;97;1;10008;164;2.7;1136688;1041;22.5;641;224;19.9;6522;505;0.3;5371;600;0.4;47189;706;1.4;10466;686;2;9173;706;1.4;2506;706;0.5;1271;800;0.4;591;265;1.6;71230;409;4.4;2101;346;1
e:\XRF_Data\Nathalie Dubois\AWEL2017\AW-13-16\Run 2 at  30kV\AW-13-16   95.0mm  30s  30kV 2000uA Pd-Thick   0.0mm Run2 Rep0.wax;30;79;23/01/2017 23:09:21;;95;;1149;94;0.2;6566;150;1.4;921920;944;12.8;685;219;8.2;4965;527;0.8;5765;639;0.7;36149;742;1.6;8699;733;1.5;10051;760;1;4454;763;0.9;1522;873;0.5;661;271;1;32925;368;1.5;2233;355;1.2
e:\XRF_Data\Nathalie Dubois\AWEL2017\AW-13-16\Run 2 at  30kV\AW-13-16  100.0mm  30s  30kV 2000uA Pd-Thick   0.0mm Run2 Rep0.wax;30;82;23/01/2017 23:10:53;;100;;1256;102;1.2;12992;179;2.4;1264896;1099;28.6;-84;238;25.8;5918;525;1;9067;626;0.7;59510;744;2.3;10580;712;1.6;16853;743;0.8;3898;737;1;306;838;0.7;884;277;1.9;78984;425;4.8;2328;359;1.5
e:\XRF_Data\Nathalie Dubois\AWEL2017\AW-13-16\Run 2 at  30kV\AW-13-16  105.0mm  30s  30kV 2000uA Pd-Thick   0.0mm Run2 Rep0.wax;30;79;23/01/2017 23:12:26;;105;;1596;105;1.3;12829;176;1.7;1162245;1053;29.7;-1299;231;23.1;6200;503;1.4;13035;602;0.8;91908;755;2.3;13698;685;3.3;22220;720;1.5;4341;707;0.6;1575;813;0.6;1271;269;2;101915;433;10.5;1702;343;1.4
e:\XRF_Data\Nathalie Dubois\AWEL2017\AW-13-16\Run 2 at  30kV\AW-13-16  110.0mm  30s  30kV 2000uA Pd-Thick   0.0mm Run2 Rep0.wax;30;75;23/01/2017 23:13:58;;110;;1367;100;1.1;19408;194;2.2;1228623;1080;26.5;-297;228;23.7;2935;479;1.1;11604;575;0.5;83663;716;2.1;12833;655;3;23642;694;1;2418;677;0.6;598;774;0.6;1022;259;1.8;102652;423;10.6;1779;330;1.5
e:\XRF_Data\Nathalie Dubois\AWEL2017\AW-13-16\Run 2 at  30kV\AW-13-16  115.0mm  30s  30kV 2000uA Pd-Thick   0.0mm Run2 Rep0.wax;30;96;23/01/2017 23:15:26;;115;;1905;112;0.4;10522;190;3.6;3006903;1666;102;1234;283;98.2;1958;496;0.4;8148;585;0.9;73072;692;3.2;24323;683;13.6;18971;703;1.4;3626;702;1.1;-3873;801;1.2;820;262;6.9;236862;536;70.5;2569;347;4.2
e:\XRF_Data\Nathalie Dubois\AWEL2017\AW-13-16\Run 2 at  30kV\AW-13-16  120.0mm  30s  30kV 2000uA Pd-Thick   0.0mm Run2 Rep0.wax;30;83;23/01/2017 23:17:14;;120;;1578;106;0.6;15960;191;3.3;1801122;1297;50.5;-237;244;46.6;3418;481;0.7;7408;573;0.7;76036;696;1.4;15980;665;6.3;24013;699;1.2;1291;686;0.4;-459;780;0.6;520;255;3.1;156774;471;31.8;2304;331;2.7
e:\XRF_Data\Nathalie Dubois\AWEL2017\AW-13-16\Run 2 at  30kV\AW-13-16  125.0mm  30s  30kV 2000uA Pd-Thick   0.0mm Run2 Rep0.wax;30;93;23/01/2017 23:18:48;;125;;1487;111;1.4;18068;206;2.5;2245048;1447;70.2;780;262;61.8;8495;514;1.1;10043;608;0.6;71214;721;2.5;19318;701;5.2;28201;737;1.4;3547;725;1;-1520;826;0.9;302;270;4.3;141733;471;21.3;1828;349;2.8
e:\XRF_Data\Nathalie Dubois\AWEL2017\AW-13-16\Run 2 at  30kV\AW-13-16  130.0mm  30s  30kV 2000uA Pd-Thick   0.0mm Run2 Rep0.wax;30;92;23/01/2017 23:20:33;;130;;1961;111;0.3;26856;229;3;2398924;1494;73.3;-325;267;70.3;13808;507;0.5;11287;590;0.6;84063;711;2.8;22108;683;9.9;34494;725;1.1;3492;707;0.9;-2289;809;1.1;957;266;5.7;175355;490;37;2051;341;2.6
e:\XRF_Data\Nathalie Dubois\AWEL2017\AW-13-16\Run 2 at  30kV\AW-13-16  135.0mm  30s  30kV 2000uA Pd-Thick   0.0mm Run2 Rep0.wax;30;87;23/01/2017 23:22:19;;135;;2092;111;1;28174;228;4.5;2061159;1387;53.8;-1271;257;52.4;14031;501;0.9;15349;580;0.8;101070;717;3.1;22378;667;10.8;42845;716;1.9;4069;685;0.7;-1502;789;0.9;1016;263;3.4;174317;483;36.2;1822;333;2.2
e:\XRF_Data\Nathalie Dubois\AWEL2017\AW-13-16\Run 2 at  30kV\AW-13-16  140.0mm  30s  30kV 2000uA Pd-Thick   0.0mm Run2 Rep0.wax;30;88;23/01/2017 23:23:57;;140;;1564;110;1.1;34002;241;2.8;1879198;1329;40.2;-3148;260;50;17331;519;0.9;11985;595;1.2;103046;732;3.6;20654;681;8.2;38917;726;1.4;2224;697;0.5;-1236;797;0.9;942;271;2.6;198446;510;39.6;1619;345;2.4
e:\XRF_Data\Nathalie Dubois\AWEL2017\AW-13-16\Run 2 at  30kV\AW-13-16  145.0mm  30s  30kV 2000uA Pd-Thick   0.0mm Run2 Rep0.wax;30;96;23/01/2017 23:25:37;;145;;1509;113;0.8;28548;239;3.1;2882864;1635;66.4;-305;282;75.9;13567;517;1.5;8620;592;0.5;82765;708;2.3;22371;686;10.9;32619;723;1.7;3687;710;0.6;-3411;809;1;1047;276;4.1;220980;528;49.7;2062;350;3
e:\XRF_Data\Nathalie Dubois\AWEL2017\AW-13-16\Run 2 at  30kV\AW-13-16  150.0mm  30s  30kV 2000uA Pd-Thick   0.0mm Run2 Rep0.wax;30;87;23/01/2017 23:27:24;;150;;1473;106;0.8;31434;235;3.4;1882816;1331;39.9;-3668;264;49.9;11942;516;1.1;9384;591;0.9;82190;704;3.6;18597;678;10.3;30746;713;1.9;3604;693;0.7;-664;787;0.5;2106;281;2.7;233582;538;48.2;2562;348;4.2
e:\XRF_Data\Nathalie Dubois\AWEL2017\AW-13-16\Run 2 at  30kV\AW-13-16  155.0mm  30s  30kV 2000uA Pd-Thick   0.0mm Run2 Rep0.wax;30;82;23/01/2017 23:29:02;;155;;1479;105;0.3;35411;239;3.2;1324655;1125;23.2;-5176;253;43.4;7894;511;2.4;10305;590;1.3;86582;709;2.1;17021;677;9.2;32240;712;1.5;2890;688;0.5;653;782;0.5;2509;278;2.2;246304;550;43.9;1920;352;4.3
e:\XRF_Data\Nathalie Dubois\AWEL2017\AW-13-16\Run 2 at  30kV\AW-13-16  160.0mm  30s  30kV 2000uA Pd-Thick   0.0mm Run2 Rep0.wax;30;87;23/01/2017 23:30:35;;160;;1244;103;0.6;36084;243;4.4;1372602;1146;26.3;-5591;259;41.2;4916;531;7.2;8284;624;0.8;71616;729;2;15365;717;8.2;28303;749;1;3596;734;0.6;-660;838;0.3;1839;286;2.2;257118;574;19.4;1948;371;2.8
e:\XRF_Data\Nathalie Dubois\AWEL2017\AW-13-16\Run 2 at  30kV\AW-13-16  165.0mm  30s  30kV 2000uA Pd-Thick   0.0mm Run2 Rep0.wax;30;83;23/01/2017 23:32:14;;165;;1266;100;0.9;47123;263;4;1159691;1059;18.4;-8830;255;43.5;5857;528;11.2;6246;614;1.2;59251;704;2;15884;706;8.8;21218;729;1;3001;722;0.6;336;824;0.4;5822;294;4.2;279766;585;18.2;2349;366;3.5
e:\XRF_Data\Nathalie Dubois\AWEL2017\AW-13-16\Run 2 at  30kV\AW-13-16  170.0mm  30s  30kV 2000uA Pd-Thick   0.0mm Run2 Rep0.wax;30;85;23/01/2017 23:33:48;;170;;866;101;0.7;57836;284;4.9;1081894;1029;13.8;-13533;271;59.2;5611;546;16.9;4168;616;1.6;61219;704;1.9;17953;713;14.7;23484;730;0.8;1720;721;0.7;590;819;0.5;10713;313;6.7;424753;669;31;2384;375;6.2
e:\XRF_Data\Nathalie Dubois\AWEL2017\AW-13-16\Run 2 at  30kV\AW-13-16  175.0mm  30s  30kV 2000uA Pd-Thick   0.0mm Run2 Rep0.wax;30;79;23/01/2017 23:35:25;;175;;1219;99;0.9;52776;271;5.1;950442;967;9.6;-14193;264;58.4;5387;529;16.3;3091;588;1.5;58211;675;2;18600;684;13;15062;692;0.6;2113;689;0.2;163;783;0.7;11469;308;6.5;437271;667;45.7;2472;363;6.7
e:\XRF_Data\Nathalie Dubois\AWEL2017\AW-13-16\Run 2 at  30kV\AW-13-16  180.0mm  30s  30kV 2000uA Pd-Thick   0.0mm Run2 Rep0.wax;30;77;23/01/2017 23:36:57;;180;;845;96;0.8;57540;278;3.8;754251;870;6.1;-14667;261;56.7;5085;534;16.5;2388;592;1.3;51330;673;1.9;16991;687;13.1;17200;695;0.6;3088;694;0.8;753;785;0.6;14064;314;6.7;434782;668;52.2;1469;367;5.9
e:\XRF_Data\Nathalie Dubois\AWEL2017\AW-13-16\Run 2 at  30kV\AW-13-16  185.0mm  30s  30kV 2000uA Pd-Thick   0.0mm Run2 Rep0.wax;30;86;23/01/2017 23:38:25;;185;;1030;101;0.7;68393;301;5.6;835812;916;7.6;-18046;277;74.6;4810;559;19.6;735;621;1.7;60362;709;1.4;20471;724;21.2;21332;734;0.4;2058;731;0.7;-287;826;0.3;13375;325;5.8;534045;726;72.1;2222;387;8.2
e:\XRF_Data\Nathalie Dubois\AWEL2017\AW-13-16\Run 2 at  30kV\AW-13-16  190.0mm  30s  30kV 2000uA Pd-Thick   0.0mm Run2 Rep0.wax;30;89;23/01/2017 23:40:02;;190;;838;101;0.9;80827;322;5.1;840555;920;6.3;-22860;291;102.6;6213;574;33.6;1361;620;1.9;51751;699;1.6;22536;731;32.6;14923;727;0.7;2280;733;0.8;-211;829;0.6;19724;341;11.9;705319;799;119;2212;392;12.2
e:\XRF_Data\Nathalie Dubois\AWEL2017\AW-13-16\Run 2 at  30kV\AW-13-16  195.0mm  30s  30kV 2000uA Pd-Thick   0.0mm Run2 Rep0.wax;30;80;23/01/2017 23:41:43;;195;;626;95;0.9;82618;320;5.3;616096;796;7.7;-23645;283;110.6;3711;553;34.9;-2108;590;1.4;44367;666;0.9;22860;701;37.8;9485;688;0.5;1281;704;0.9;2205;779;1.7;18798;327;9.6;757955;812;104.7;2608;380;12.9
e:\XRF_Data\Nathalie Dubois\AWEL2017\AW-13-16\Run 2 at  30kV\AW-13-16  200.0mm  30s  30kV 2000uA Pd-Thick   0.0mm Run2 Rep0.wax;30;77;23/01/2017 23:43:15;;200;;695;95;0.5;103979;349;5.9;402712;658;7.2;-25598;278;133;6125;550;77.9;-1847;576;2.8;63196;664;1.9;22283;682;41.9;14651;669;1;214;697;1.2;402;720;1.9;25179;331;6.7;840149;840;46.9;2218;377;12.7
e:\XRF_Data\Nathalie Dubois\AWEL2017\AW-13-16\Run 2 at  30kV\AW-13-16  205.0mm  30s  30kV 2000uA Pd-Thick   0.0mm Run2 Rep0.wax;30;87;23/01/2017 23:44:44;;205;;992;104;0.7;159801;423;9.6;430625;683;10.9;-34598;305;195.1;7260;576;162.3;-2144;589;4.5;73144;680;2.1;27392;703;62;18052;682;1.2;31;708;0.7;787;704;1.2;30273;351;11.5;1174032;963;41.3;1473;398;19.4
e:\XRF_Data\Nathalie Dubois\AWEL2017\AW-13-16\Run 2 at  30kV\AW-13-16  210.0mm  30s  30kV 2000uA Pd-Thick   0.0mm Run2 Rep0.wax;30;94;23/01/2017 23:46:22;;210;;1470;106;1;173849;441;10;462141;708;11.5;-36615;314;211.8;5323;595;142.6;-1133;611;5.6;80042;705;2.1;29703;728;72.9;21944;708;1.3;-298;733;0.5;334;726;2.1;31907;362;14.2;1242765;991;58.2;2120;410;21.9
e:\XRF_Data\Nathalie Dubois\AWEL2017\AW-13-16\Run 2 at  30kV\AW-13-16  215.0mm  30s  30kV 2000uA Pd-Thick   0.0mm Run2 Rep0.wax;30;110;23/01/2017 23:48:08;;215;;1227;114;0.8;208446;481;12.3;521927;754;11.5;-41920;333;240.4;7667;644;177.2;-2044;650;4.7;73019;740;1.3;32450;779;68.4;19314;756;1.4;-1579;795;1.3;-124;790;1.6;42599;396;18.6;1383008;1049;51.1;1875;435;22.4
e:\XRF_Data\Nathalie Dubois\AWEL2017\AW-13-16\Run 2 at  30kV\AW-13-16  220.0mm  30s  30kV 2000uA Pd-Thick   0.0mm Run2 Rep0.wax;30;110;23/01/2017 23:50:10;;220;;1468;117;1.4;233643;505;12.3;533077;758;11.7;-46592;336;320.1;11611;601;337;-3026;618;7.7;97571;728;2.9;31378;751;74.7;24979;725;1.6;219;752;1.3;-138;744;1.4;26670;357;19.9;1589995;1097;25.6;1696;422;31.6
e:\XRF_Data\Nathalie Dubois\AWEL2017\AW-13-16\Run 2 at  30kV\AW-13-16  225.0mm  30s  30kV 2000uA Pd-Thick   0.0mm Run2 Rep0.wax;30;108;23/01/2017 23:52:12;;225;;1515;116;0.9;238608;508;8.7;460603;709;9;-46004;327;311.4;13376;599;378.3;-2592;620;7.7;99195;730;2.6;30075;750;71.2;23700;728;1.4;1227;754;0.8;1905;741;1.1;25022;352;19.5;1531437;1081;35.4;2178;422;31.2
e:\XRF_Data\Nathalie Dubois\AWEL2017\AW-13-16\Run 2 at  30kV\AW-13-16  230.0mm  30s  30kV 2000uA Pd-Thick   0.0mm Run2 Rep0.wax;30;104;23/01/2017 23:54:12;;230;;1991;115;0.6;206634;475;4.2;388778;657;6.6;-44110;313;336.4;20843;597;636.2;-509;628;9.9;96552;733;2.2;22614;749;36;32618;743;1.4;997;761;1.1;513;750;0.9;23199;340;25.9;1414736;1051;391.7;158;421;77.2
e:\XRF_Data\Nathalie Dubois\AWEL2017\AW-13-16\Run 2 at  30kV\AW-13-16  235.0mm  30s  30kV 2000uA Pd-Thick   0.0mm Run2 Rep0.wax;30;109;23/01/2017 23:56:07;;235;;1734;116;1.1;227556;498;17.4;400034;667;13.9;-45675;336;308.8;11606;594;338;-945;626;8.5;92659;726;1.4;32848;756;76.7;26192;727;2.3;665;741;0.7;1894;730;0.6;20000;341;14.7;1675116;1122;26.6;1523;430;29.8
e:\XRF_Data\Nathalie Dubois\AWEL2017\AW-13-16\Run 2 at  30kV\AW-13-16  240.0mm  30s  30kV 2000uA Pd-Thick   0.0mm Run2 Rep0.wax;30;112;23/01/2017 23:58:08;;240;;1066;114;0.9;274544;539;38;209936;512;19.6;-49391;349;321.3;6895;621;316.8;-4976;630;8.2;85497;724;1.7;34455;765;86.2;17677;720;1.1;1087;715;0.6;2439;713;0.7;30672;366;15.1;1974512;1205;19.4;1517;448;27.5
e:\XRF_Data\Nathalie Dubois\AWEL2017\AW-13-16\Run 2 at  30kV\AW-13-16  245.0mm  30s  30kV 2000uA Pd-Thick   0.0mm Run2 Rep0.wax;30;115;24/01/2017 00:00:12;;245;;1414;117;1;314511;573;49.6;182709;487;17.2;-54058;361;356.2;5440;639;365.6;-5370;621;9.8;82072;711;2.6;37557;760;103.9;16744;704;1.3;871;696;0.9;2621;695;0.6;45705;389;18.7;2205981;1261;24.1;1577;449;29.9
e:\XRF_Data\Nathalie Dubois\AWEL2017\AW-13-16\Run 2 at  30kV\AW-13-16  250.0mm  30s  30kV 2000uA Pd-Thick   0.0mm Run2 Rep0.wax;30;108;24/01/2017 00:02:19;;250;;1161;114;0.9;329555;583;43.5;138221;434;11.5;-47940;351;315;4790;621;328;-6437;609;8.1;73200;692;3.1;32980;743;92;12203;687;1.7;1333;679;0.8;3424;680;0.9;41842;377;16.1;2094862;1230;17.6;2139;440;31.5
e:\XRF_Data\Nathalie Dubois\AWEL2017\AW-13-16\Run 2 at  30kV\AW-13-16  255.0mm  30s  30kV 2000uA Pd-Thick   0.0mm Run2 Rep0.wax;30;100;24/01/2017 00:04:18;;255;;750;108;0.9;297996;555;37.1;124134;416;9.2;-39866;332;229.7;3387;652;207.1;-5991;611;5.6;64023;694;1.8;28998;738;70.3;13878;694;0.7;815;690;0.5;2073;691;0.6;68822;419;13.9;1691018;1129;25.8;1123;433;25.2
e:\XRF_Data\Nathalie Dubois\AWEL2017\AW-13-16\Run 2 at  30kV\AW-13-16  260.0mm  30s  30kV 2000uA Pd-Thick   0.0mm Run2 Rep0.wax;30;113;24/01/2017 00:06:09;;260;;510;106;0.9;292239;553;38;132662;431;13.6;-45180;342;272.1;7736;691;252.5;-8912;647;5.2;50660;723;1.2;31129;784;74.1;6596;734;1;539;738;0.5;3242;739;0.5;74841;438;20.7;1840138;1182;23.7;1204;459;24
e:\XRF_Data\Nathalie Dubois\AWEL2017\AW-13-16\Run 2 at  30kV\AW-13-16  265.0mm  30s  30kV 2000uA Pd-Thick   0.0mm Run2 Rep0.wax;30;115;24/01/2017 00:08:14;;265;;525;108;1.1;276419;538;38.8;130232;426;12.9;-45567;341;291.1;6150;671;274.4;-8062;644;4.8;56733;724;1.9;32469;785;78.9;7304;738;1;358;742;0.4;3007;745;0.6;59173;414;16;1852260;1183;18.9;1210;456;19
e:\XRF_Data\Nathalie Dubois\AWEL2017\AW-13-16\Run 2 at  30kV\AW-13-16  270.0mm  30s  30kV 2000uA Pd-Thick   0.0mm Run2 Rep0.wax;30;115;24/01/2017 00:10:20;;270;;487;103;0.6;259508;524;43.3;132501;432;16.7;-42258;345;232.2;3578;701;162.8;-8406;664;4.1;47858;739;1.7;32169;801;78;5414;751;0.6;671;758;0.6;2543;758;0.5;75365;445;14.6;1759207;1165;50.5;1766;468;17.4
e:\XRF_Data\Nathalie Dubois\AWEL2017\AW-13-16\Run 2 at  30kV\AW-13-16  275.0mm  30s  30kV 2000uA Pd-Thick   0.0mm Run2 Rep0.wax;30;119;24/01/2017 00:12:27;;275;;486;107;1.4;260631;528;78.8;155203;461;30.8;-48417;367;255;-5001;686;104;-9760;654;3;45875;724;1.3;41185;799;124.1;4903;732;0.8;578;736;1.2;2736;737;0.7;58889;425;11.8;2085502;1245;247.5;2660;474;26.9
e:\XRF_Data\Nathalie Dubois\AWEL2017\AW-13-16\Run 2 at  30kV\AW-13-16  280.0mm  30s  30kV 2000uA Pd-Thick   0.0mm Run2 Rep0.wax;30;120;24/01/2017 00:14:37;;280;;351;111;1;307647;567;63.7;124860;424;14.3;-44634;354;233.9;-2766;689;118.2;-7155;654;4.8;61178;739;2;40365;797;115.2;9043;742;0.7;334;744;1.3;2342;746;0.5;68216;434;10.5;1934810;1207;197.7;2432;467;25.5
e:\XRF_Data\Nathalie Dubois\AWEL2017\AW-13-16\Run 2 at  30kV\AW-13-16  285.0mm  30s  30kV 2000uA Pd-Thick   0.0mm Run2 Rep0.wax;30;118;24/01/2017 00:16:50;;285;;455;108;1;323511;579;64;122062;420;11.1;-42284;351;218.1;-5264;694;86.7;-6532;650;3.5;61119;735;2.1;39990;791;117.5;7540;737;0.8;-1000;738;1;1497;742;0.5;78505;446;10.7;1875083;1189;263.1;2421;461;28.1
e:\XRF_Data\Nathalie Dubois\AWEL2017\AW-13-16\Run 2 at  30kV\AW-13-16  290.0mm  30s  30kV 2000uA Pd-Thick   0.0mm Run2 Rep0.wax;30;117;24/01/2017 00:18:59;;290;;541;109;1;299679;559;65;118992;414;15.6;-41117;347;221.2;-4014;670;75.1;-6823;649;3.2;60783;735;2.5;40985;793;117.4;9014;740;0.8;-1212;742;1;2891;747;0.5;57360;415;8.1;1812461;1171;309.7;2774;459;31
e:\XRF_Data\Nathalie Dubois\AWEL2017\AW-13-16\Run 2 at  30kV\AW-13-16  295.0mm  30s  30kV 2000uA Pd-Thick   0.0mm Run2 Rep0.wax;30;117;24/01/2017 00:21:08;;295;;423;108;1;307940;566;66.1;115244;411;16.2;-42045;348;205.2;-3543;683;84.9;-6327;647;3.8;63627;734;2.7;40050;789;124.7;8570;740;0.8;-362;739;0.8;3005;742;0.5;69771;434;11.4;1837244;1178;297.2;3201;460;30.7
e:\XRF_Data\Nathalie Dubois\AWEL2017\AW-13-16\Run 2 at  30kV\AW-13-16  300.0mm  30s  30kV 2000uA Pd-Thick   0.0mm Run2 Rep0.wax;30;116;24/01/2017 00:23:17;;300;;400;107;1.2;293263;554;65.3;109465;402;16.5;-40978;345;204;-3219;686;78.6;-6713;643;3.8;66091;732;2.9;41153;786;120.9;8860;735;0.6;-708;733;1.1;3373;736;0.5;74428;439;10.3;1810528;1170;330.2;2526;457;31.6
e:\XRF_Data\Nathalie Dubois\AWEL2017\AW-13-16\Run 2 at  30kV\AW-13-16  305.0mm  30s  30kV 2000uA Pd-Thick   0.0mm Run2 Rep0.wax;30;111;24/01/2017 00:25:25;;305;;651;107;1.2;274287;536;69.2;106218;395;14.3;-38548;336;180.9;-5337;654;58.1;-5045;636;3.6;71588;728;2.6;41564;772;127.6;9841;726;1;-1090;725;1.6;1647;728;0.5;57714;409;7.4;1679823;1129;385.8;2326;446;36.8
e:\XRF_Data\Nathalie Dubois\AWEL2017\AW-13-16\Run 2 at  30kV\AW-13-16  310.0mm  30s  30kV 2000uA Pd-Thick   0.0mm Run2 Rep0.wax;30;106;24/01/2017 00:27:29;;310;;336;110;0.9;281947;542;58.6;105447;391;12.2;-34067;334;159.4;-7280;617;34;-5525;633;2.8;69015;723;2.3;36917;766;113.6;10592;724;1;168;724;1.1;2666;725;0.5;31985;368;5.2;1603052;1105;341;2011;443;32.7
e:\XRF_Data\Nathalie Dubois\AWEL2017\AW-13-16\Run 2 at  30kV\AW-13-16  315.0mm  30s  30kV 2000uA Pd-Thick   0.0mm Run2 Rep0.wax;30;103;24/01/2017 00:29:26;;315;;362;107;0.7;267080;528;65.5;99810;382;13.5;-34172;328;153.9;-7136;608;34.3;-4886;627;2.9;66289;712;2.2;38492;757;113.8;14171;717;0.7;-250;712;1.1;2876;716;0.4;31152;364;6;1567281;1092;371.9;2183;435;30.3
e:\XRF_Data\Nathalie Dubois\AWEL2017\AW-13-16\Run 2 at  30kV\AW-13-16  320.0mm  30s  30kV 2000uA Pd-Thick   0.0mm Run2 Rep0.wax;30;102;24/01/2017 00:31:22;;320;;394;106;0.8;239867;504;58.1;94015;376;14.7;-33005;328;149.6;-3737;646;47.9;-4739;624;3;57471;705;2.6;36295;754;92.1;9103;709;1;-278;708;0.7;2354;710;0.8;58790;409;5.9;1530385;1085;306.9;2570;439;26.2
e:\XRF_Data\Nathalie Dubois\AWEL2017\AW-13-16\Run 2 at  30kV\AW-13-16  325.0mm  30s  30kV 2000uA Pd-Thick   0.0mm Run2 Rep0.wax;30;106;24/01/2017 00:33:17;;325;;575;105;1.1;261331;525;66.5;103878;393;15.1;-35499;338;154.6;-4002;665;51;-5960;648;2.5;51609;721;1.6;35821;777;92.1;7301;729;1;-357;728;0.6;4206;729;0.4;58735;418;7.7;1635170;1123;292.6;2274;455;24.5
e:\XRF_Data\Nathalie Dubois\AWEL2017\AW-13-16\Run 2 at  30kV\AW-13-16  330.0mm  30s  30kV 2000uA Pd-Thick   0.0mm Run2 Rep0.wax;30;108;24/01/2017 00:35:15;;330;;396;106;1.3;259969;524;64.7;105961;397;16.8;-37412;337;176.1;-4160;683;50.3;-6560;637;3.2;56666;717;2.3;39295;770;115.4;9420;721;1;474;721;1.2;2605;723;0.6;82069;447;7.7;1666599;1130;356.4;1457;452;31.8
e:\XRF_Data\Nathalie Dubois\AWEL2017\AW-13-16\Run 2 at  30kV\AW-13-16  335.0mm  30s  30kV 2000uA Pd-Thick   0.0mm Run2 Rep0.wax;30;98;24/01/2017 00:37:15;;335;;305;103;1.2;227986;492;66.1;95817;376;13.9;-33167;320;162.2;-4902;645;52.4;-4502;615;2.1;53528;694;2.3;36992;744;114.4;7053;698;0.5;-309;699;0.9;2561;702;0.4;65672;414;8.4;1478028;1067;336.9;1838;430;30.7
e:\XRF_Data\Nathalie Dubois\AWEL2017\AW-13-16\Run 2 at  30kV\AW-13-16  340.0mm  30s  30kV 2000uA Pd-Thick   0.0mm Run2 Rep0.wax;30;110;24/01/2017 00:39:05;;340;;418;105;1.1;261044;525;68.6;103592;394;15.9;-37261;335;166.6;-4429;677;53.9;-5883;642;2.9;59040;726;2.1;39252;779;116.4;7040;732;1.3;-1221;733;1;3097;736;0.6;71749;435;7.8;1631047;1121;356.4;1784;453;31.9
e:\XRF_Data\Nathalie Dubois\AWEL2017\AW-13-16\Run 2 at  30kV\AW-13-16  345.0mm  30s  30kV 2000uA Pd-Thick   0.0mm Run2 Rep0.wax;30;114;24/01/2017 00:41:07;;345;;649;109;1.2;264545;528;71.8;104467;394;19.4;-38962;341;175.7;-3226;666;63.6;-6207;645;3;63959;732;4;40276;783;119.7;9756;735;0.8;-245;736;0.9;2092;739;0.4;59354;417;7.3;1710601;1142;353.8;1983;454;32.4
e:\XRF_Data\Nathalie Dubois\AWEL2017\AW-13-16\Run 2 at  30kV\AW-13-16  350.0mm  30s  30kV 2000uA Pd-Thick   0.0mm Run2 Rep0.wax;30;115;24/01/2017 00:43:12;;350;;418;107;0.9;274728;537;71.8;101931;389;14.6;-37218;339;175.9;-5728;661;54.9;-6278;647;2.7;63979;735;2;38072;786;115.3;9136;740;1;-500;739;1.2;2949;743;0.7;53943;410;7;1699012;1139;355.6;2089;454;32.9
e:\XRF_Data\Nathalie Dubois\AWEL2017\AW-13-16\Run 2 at  30kV\AW-13-16  355.0mm  30s  30kV 2000uA Pd-Thick   0.0mm Run2 Rep0.wax;30;114;24/01/2017 00:45:18;;355;;286;106;0.7;266509;530;70.8;97232;383;14.2;-37469;337;174.1;-6954;657;48.3;-5015;651;2.8;57638;734;1.6;38574;790;114.4;7825;743;0.9;-665;744;1;2850;748;0.3;50879;403;4.9;1669517;1132;347.4;2951;457;30.9
e:\XRF_Data\Nathalie Dubois\AWEL2017\AW-13-16\Run 2 at  30kV\AW-13-16  360.0mm  30s  30kV 2000uA Pd-Thick   0.0mm Run2 Rep0.wax;30;113;24/01/2017 00:47:23;;360;;645;106;1.1;251413;516;64.9;100052;388;18.5;-37741;336;190.8;-2523;679;65.1;-5600;652;4.1;58791;735;2.1;38887;789;113.9;8960;743;1.2;-1562;742;1.2;2519;747;0.6;66565;428;7;1651286;1129;316;1287;457;31.4
e:\XRF_Data\Nathalie Dubois\AWEL2017\AW-13-16\Run 2 at  30kV\AW-13-16  365.0mm  30s  30kV 2000uA Pd-Thick   0.0mm Run2 Rep0.wax;30;113;24/01/2017 00:49:28;;365;;315;108;0.9;249494;515;72.7;105600;397;14.5;-39545;341;191.7;228;703;80;-6378;647;3.6;57072;728;2.7;39591;783;114.6;10300;734;0.6;1011;733;0.4;3513;736;0.6;87097;461;13.7;1729022;1151;292.2;1386;458;29.9
e:\XRF_Data\Nathalie Dubois\AWEL2017\AW-13-16\Run 2 at  30kV\AW-13-16  370.0mm  30s  30kV 2000uA Pd-Thick   0.0mm Run2 Rep0.wax;30;111;24/01/2017 00:51:33;;370;;381;106;1.1;235653;502;62.2;100402;390;19.8;-37828;336;185;2026;704;88.6;-7385;644;3.1;53004;721;2.5;39368;777;105.1;8414;731;1.1;-39;732;0.9;3013;736;0.8;96777;465;10.9;1665550;1131;261.9;2247;451;27.1
e:\XRF_Data\Nathalie Dubois\AWEL2017\AW-13-16\Run 2 at  30kV\AW-13-16  375.0mm  30s  30kV 2000uA Pd-Thick   0.0mm Run2 Rep0.wax;30;115;24/01/2017 00:53:37;;375;;388;105;1.2;253292;519;71.9;108939;403;18.1;-41567;344;203.3;2131;715;98;-6041;647;4.6;57530;728;3.4;40739;785;119.2;9908;734;1;-653;732;1;2674;736;0.6;96106;469;12.7;1793637;1168;255.2;1679;459;26.8
e:\XRF_Data\Nathalie Dubois\AWEL2017\AW-13-16\Run 2 at  30kV\AW-13-16  380.0mm  30s  30kV 2000uA Pd-Thick   0.0mm Run2 Rep0.wax;30;117;24/01/2017 00:55:44;;380;;180;106;0.8;264909;530;70.3;112033;408;14.7;-40021;351;183.4;-724;723;90.5;-7421;655;4.9;53982;731;4.2;39554;792;108.9;8096;739;1.1;752;739;0.8;2942;740;0.5;102703;479;11.4;1853440;1187;240.9;1294;465;28.2
e:\XRF_Data\Nathalie Dubois\AWEL2017\AW-13-16\Run 2 at  30kV\AW-13-16  385.0mm  30s  30kV 2000uA Pd-Thick   0.0mm Run2 Rep0.wax;30;120;24/01/2017 00:57:53;;385;;233;108;1;282982;547;75.3;115436;414;19.5;-42584;357;205.9;-2346;718;90.2;-7261;654;4.2;56708;731;2.7;42944;794;127.8;8195;736;1.2;-801;735;0.7;2428;738;0.3;96125;473;11.6;1945007;1210;324;1977;469;32.6
e:\XRF_Data\Nathalie Dubois\AWEL2017\AW-13-16\Run 2 at  30kV\AW-13-16  390.0mm  30s  30kV 2000uA Pd-Thick   0.0mm Run2 Rep0.wax;30;99;24/01/2017 01:00:04;;390;;444;100;1.2;219756;484;60.8;96282;380;14.4;-33733;329;158.9;-103;680;67.6;-6909;620;2.5;49651;694;1.9;34094;746;85.9;8278;699;0.9;-817;697;1.1;2928;699;0.9;88424;451;11.8;1562075;1096;235.7;879;439;22.6
e:\XRF_Data\Nathalie Dubois\AWEL2017\AW-13-16\Run 2 at  30kV\AW-13-16  395.0mm  30s  30kV 2000uA Pd-Thick   0.0mm Run2 Rep0.wax;30;88;24/01/2017 01:01:54;;395;;411;96;1.2;188423;450;48.4;88836;363;11.3;-29592;311;129.2;237;645;60.4;-4665;595;2.6;42362;663;2.5;27818;711;67;8447;670;0.8;-917;670;0.9;2454;672;0.6;78789;427;8.3;1363570;1029;177;848;417;18.9
e:\XRF_Data\Nathalie Dubois\AWEL2017\AW-13-16\Run 2 at  30kV\AW-13-16  400.0mm  30s  30kV 2000uA Pd-Thick   0.0mm Run2 Rep0.wax;30;116;24/01/2017 01:03:33;;400;;429;108;1.3;250180;517;86.7;121669;420;22.3;-40643;348;185.5;-3722;705;65.4;-7490;647;3.7;59323;728;2.2;41067;784;121;6462;730;0.7;-323;729;1;1661;731;0.3;93814;467;10.1;1819681;1174;352.8;2102;461;33.5
e:\XRF_Data\Nathalie Dubois\AWEL2017\AW-13-16\Run 2 at  30kV\AW-13-16  405.0mm  30s  30kV 2000uA Pd-Thick   0.0mm Run2 Rep0.wax;30;111;24/01/2017 01:05:41;;405;;284;108;1;229589;497;90.9;115250;409;24;-41891;345;197.8;-6105;653;62.3;-7196;627;3.2;59860;711;2.3;41994;766;140.3;7585;710;0.8;-777;709;1.4;2561;710;0.4;54729;412;9.1;1829566;1170;378.3;1912;454;36.4
e:\XRF_Data\Nathalie Dubois\AWEL2017\AW-13-16\Run 2 at  30kV\AW-13-16  410.0mm  30s  30kV 2000uA Pd-Thick   0.0mm Run2 Rep0.wax;30;114;24/01/2017 01:07:46;;410;;176;106;1;234938;501;95.9;103504;394;23.9;-40162;349;176.4;-4038;691;62.6;-7808;641;3.4;56991;720;2.2;43460;779;131.1;8816;723;0.9;-513;722;1.2;2838;724;0.7;79921;447;10.6;1827845;1175;383.9;2074;460;39.1
e:\XRF_Data\Nathalie Dubois\AWEL2017\AW-13-16\Run 2 at  30kV\AW-13-16  415.0mm  30s  30kV 2000uA Pd-Thick   0.0mm Run2 Rep0.wax;30;115;24/01/2017 01:09:51;;415;;704;107;1;232692;499;96;91237;379;16.6;-39464;349;174.8;-2270;710;58.2;-5377;653;3.6;54132;729;2.8;42347;789;118.2;11721;735;1.3;-438;731;0.9;2534;734;0.6;90608;465;11.2;1799600;1171;398;2053;465;38.2
e:\XRF_Data\Nathalie Dubois\AWEL2017\AW-13-16\Run 2 at  30kV\AW-13-16  420.0mm  30s  30kV 2000uA Pd-Thick   0.0mm Run2 Rep0.wax;30;115;24/01/2017 01:11:58;;420;;228;108;1.1;240143;507;102.4;90112;377;19.8;-39735;350;178.7;-4984;689;54.8;-6482;654;3.6;54840;729;2.6;43189;790;130;10144;737;0.6;-92;732;1.3;1589;735;0.6;70793;438;8;1833126;1179;411;3201;465;39.5
e:\XRF_Data\Nathalie Dubois\AWEL2017\AW-13-16\Run 2 at  30kV\AW-13-16  425.0mm  30s  30kV 2000uA Pd-Thick   0.0mm Run2 Rep0.wax;30;114;24/01/2017 01:14:04;;425;;395;106;1.2;242557;509;96.8;91045;378;17;-38919;347;168.9;-4232;693;51.8;-7541;654;3.7;49915;726;1.9;42329;789;119.7;11616;735;1.5;27;730;0.6;2120;733;0.5;75846;443;6.7;1791262;1168;408.2;1685;465;34.7
e:\XRF_Data\Nathalie Dubois\AWEL2017\AW-13-16\Run 2 at  30kV\AW-13-16  430.0mm  30s  30kV 2000uA Pd-Thick   0.0mm Run2 Rep0.wax;30;107;24/01/2017 01:16:10;;430;;304;105;0.8;227989;495;90.3;89006;374;18.3;-35734;339;151.1;-6003;681;37.5;-4807;645;3.2;49385;715;2.1;40956;774;116.2;9127;724;1.5;-613;720;1.7;2926;723;0.3;74435;440;8.9;1650044;1127;415.7;1734;456;39.2
e:\XRF_Data\Nathalie Dubois\AWEL2017\AW-13-16\Run 2 at  30kV\AW-13-16  435.0mm  30s  30kV 2000uA Pd-Thick   0.0mm Run2 Rep0.wax;30;93;24/01/2017 01:18:09;;435;;165;99;1.3;193416;457;79.8;74154;344;14.1;-31190;316;134.6;-4808;645;30.4;-4576;622;2.5;43475;688;2.2;35520;742;103.3;8892;698;0.4;-1111;693;0.7;1441;694;0.5;61159;411;5.7;1405494;1048;378.4;1664;435;31.6
e:\XRF_Data\Nathalie Dubois\AWEL2017\AW-13-16\Run 2 at  30kV\AW-13-16  440.0mm  30s  30kV 2000uA Pd-Thick   0.0mm Run2 Rep0.wax;30;93;24/01/2017 01:19:55;;440;;197;97;0.6;195428;458;80;67842;333;17.3;-31024;315;134.4;-2413;633;35.5;-4737;616;2.4;40166;680;1.6;37352;737;104;6657;690;0.7;7;688;1;3227;689;0.9;52300;397;6;1409102;1047;391.6;1499;432;35.8
e:\XRF_Data\Nathalie Dubois\AWEL2017\AW-13-16\Run 2 at  30kV\AW-13-16  445.0mm  30s  30kV 2000uA Pd-Thick   0.0mm Run2 Rep0.wax;30;102;24/01/2017 01:21:41;;445;;230;103;0.9;227141;493;83.2;80890;359;16.9;-35004;333;153.3;-4994;666;39.5;-6139;636;2.3;43052;703;1.4;37826;764;110.4;8815;713;1.1;-797;710;0.7;1793;711;0.4;65289;424;6.7;1604382;1112;364.7;2195;451;31.4
e:\XRF_Data\Nathalie Dubois\AWEL2017\AW-13-16\Run 2 at  30kV\AW-13-16  450.0mm  30s  30kV 2000uA Pd-Thick   0.0mm Run2 Rep0.wax;30;103;24/01/2017 01:23:36;;450;;277;102;1.2;234991;500;87.6;85906;368;14.7;-35296;336;150.6;-3697;690;44.7;-6036;638;2.5;42820;705;1.8;38076;765;113.3;7147;711;0.4;-1195;709;1.4;2341;710;0.6;86176;456;9.9;1640103;1123;392.7;1976;453;33.5
e:\XRF_Data\Nathalie Dubois\AWEL2017\AW-13-16\Run 2 at  30kV\AW-13-16  455.0mm  30s  30kV 2000uA Pd-Thick   0.0mm Run2 Rep0.wax;30;99;24/01/2017 01:25:31;;455;;424;100;0.9;221570;487;64.4;85365;367;13.4;-33198;327;151.6;-614;685;50.9;-4858;637;3.4;40004;700;2.3;36115;758;98.5;10314;713;0.6;-823;708;1;2671;710;0.3;83201;449;8.3;1500179;1084;297.1;1979;449;27.6
e:\XRF_Data\Nathalie Dubois\AWEL2017\AW-13-16\Run 2 at  30kV\AW-13-16  460.0mm  30s  30kV 2000uA Pd-Thick   0.0mm Run2 Rep0.wax;30;100;24/01/2017 01:27:22;;460;;296;99;1.2;223361;489;60.8;89654;375;16.4;-32602;333;139.5;676;692;55;-6000;636;2.6;40829;703;1.9;34493;759;81.9;11080;713;0.6;266;709;0.8;2317;710;0.8;87005;455;11.5;1553661;1100;267.9;1952;451;22.2
e:\XRF_Data\Nathalie Dubois\AWEL2017\AW-13-16\Run 2 at  30kV\AW-13-16  465.0mm  30s  30kV 2000uA Pd-Thick   0.0mm Run2 Rep0.wax;30;93;24/01/2017 01:29:13;;465;;279;99;0.6;181023;444;44.1;91720;373;16;-29364;311;129.4;8039;693;63.9;-6063;628;2.4;41031;693;3.3;31326;742;71;12737;708;1;583;702;1.1;2294;704;0.6;99896;464;10.6;1267736;1012;194.3;1254;434;17.6
e:\XRF_Data\Nathalie Dubois\AWEL2017\AW-13-16\Run 2 at  30kV\AW-13-16  470.0mm  30s  30kV 2000uA Pd-Thick   0.0mm Run2 Rep0.wax;30;98;24/01/2017 01:30:59;;470;;397;99;0.7;179798;443;33.1;106002;396;11.5;-28789;311;122.4;16448;740;87.2;-5674;661;3.7;33829;722;2.5;27878;773;51.8;14275;745;1;419;745;0.9;2455;744;0.6;127989;504;13.2;1179738;996;106.6;1723;448;14.1
e:\XRF_Data\Nathalie Dubois\AWEL2017\AW-13-16\Run 2 at  30kV\AW-13-16  475.0mm  30s  30kV 2000uA Pd-Thick   0.0mm Run2 Rep0.wax;30;100;24/01/2017 01:32:49;;475;;381;100;1.1;188571;454;24.3;110794;403;12.2;-29094;314;124;12463;747;89.8;-6368;669;2.7;26253;727;1.4;24335;783;39.3;7385;750;0.5;1075;757;0.8;2444;755;0.6;132731;510;12.9;1201297;1007;68.5;1137;451;14.2
e:\XRF_Data\Nathalie Dubois\AWEL2017\AW-13-16\Run 2 at  30kV\AW-13-16  480.0mm  30s  30kV 2000uA Pd-Thick   0.0mm Run2 Rep0.wax;30;101;24/01/2017 01:34:41;;480;;447;101;0.4;180637;445;24.8;110471;402;11.5;-27960;310;111;16741;745;99;-4279;676;3.2;29931;735;1.9;25461;789;35.8;12107;763;0.7;1091;771;0.6;3287;768;0.6;126809;505;10.8;1127679;985;55.5;1453;452;12.1
e:\XRF_Data\Nathalie Dubois\AWEL2017\AW-13-16\Run 2 at  30kV\AW-13-16  485.0mm  30s  30kV 2000uA Pd-Thick   0.0mm Run2 Rep0.wax;30;106;24/01/2017 01:36:33;;485;;579;104;0.8;210055;476;28.9;125242;422;10.2;-31095;319;140;14710;737;114.3;-5618;678;3.8;32938;738;1.5;27625;796;39.8;10239;765;0.5;346;773;0.5;2588;771;0.9;111883;490;14.6;1279555;1033;47.4;573;457;17.3
e:\XRF_Data\Nathalie Dubois\AWEL2017\AW-13-16\Run 2 at  30kV\AW-13-16  490.0mm  30s  30kV 2000uA Pd-Thick   0.0mm Run2 Rep0.wax;30;101;24/01/2017 01:38:30;;490;;455;104;0.4;202128;467;23.6;106518;393;6.9;-27882;309;132;8083;698;89.8;-3003;674;2.8;31183;734;2;25855;790;41.7;14115;767;1.1;849;774;0.9;3061;772;0.4;80440;447;9.6;1158197;993;40.8;1643;451;11.9
e:\XRF_Data\Nathalie Dubois\AWEL2017\AW-13-16\Run 2 at  30kV\AW-13-16  495.0mm  30s  30kV 2000uA Pd-Thick   0.0mm Run2 Rep0.wax;30;89;24/01/2017 01:40:22;;495;;767;104;1;216882;480;12.7;111493;394;5;-25531;296;114.3;3973;627;76.6;545;641;3;35533;697;1.4;21443;748;28.8;19968;735;0.4;1767;736;0.6;2773;733;0.5;45746;386;7.5;1050824;942;15.8;1045;425;14.2
e:\XRF_Data\Nathalie Dubois\AWEL2017\AW-13-16\Run 2 at  30kV\AW-13-16  500.0mm  30s  30kV 2000uA Pd-Thick   0.0mm Run2 Rep0.wax;30;89;24/01/2017 01:42:03;;500;;687;100;1;219233;482;16.3;95826;372;5;-24519;291;119.8;4525;627;77.3;-1624;648;2.9;28572;702;0.8;19889;755;28.7;17196;741;0.5;1113;743;0.7;2065;740;0.5;40639;378;8.2;1020951;934;18.6;900;428;14.2
e:\XRF_Data\Nathalie Dubois\AWEL2017\AW-13-16\Run 2 at  30kV\AW-13-16  505.0mm  30s  30kV 2000uA Pd-Thick   0.0mm Run2 Rep0.wax;30;93;24/01/2017 01:43:44;;505;;560;100;0.7;223505;486;21.2;97353;376;6.9;-28582;303;142.1;4057;643;96.7;-3052;647;2.9;28714;701;1.3;23671;761;35;13243;736;0.5;1114;738;0.6;3462;740;0.4;50806;395;9.3;1195235;992;24;692;435;13.9
e:\XRF_Data\Nathalie Dubois\AWEL2017\AW-13-16\Run 2 at  30kV\AW-13-16  510.0mm  30s  30kV 2000uA Pd-Thick   0.0mm Run2 Rep0.wax;30;108;24/01/2017 01:45:30;;510;;547;107;1.2;264210;528;24.8;110665;401;7.6;-33445;323;171.2;2922;674;109.2;-2949;680;3.2;33752;740;1;28077;804;49.2;15334;774;0.9;1980;780;0.8;2492;782;0.4;51894;409;8.5;1395960;1066;25.6;2304;460;14.2
e:\XRF_Data\Nathalie Dubois\AWEL2017\AW-13-16\Run 2 at  30kV\AW-13-16  515.0mm  30s  30kV 2000uA Pd-Thick   0.0mm Run2 Rep0.wax;30;114;24/01/2017 01:47:30;;515;;690;108;0.8;274801;537;29.9;113642;406;7.9;-35380;334;180.9;2045;687;115.3;-4536;688;4.4;31342;746;0.8;28188;814;46;13219;781;0.8;1808;787;0.6;2290;788;0.8;56120;420;8.9;1524303;1106;33.5;2344;470;17.4
e:\XRF_Data\Nathalie Dubois\AWEL2017\AW-13-16\Run 2 at  30kV\AW-13-16  520.0mm  30s  30kV 2000uA Pd-Thick   0.0mm Run2 Rep0.wax;30;110;24/01/2017 01:49:34;;520;;681;106;1;236205;501;32.9;104888;392;9.1;-32554;324;149.4;522;670;82.4;-3232;686;2.6;35582;749;1.2;28455;812;49.7;15006;784;0.6;502;789;0.5;1890;790;0.6;46419;402;6.6;1364985;1057;61.6;1862;463;12.7
e:\XRF_Data\Nathalie Dubois\AWEL2017\AW-13-16\Run 2 at  30kV\AW-13-16  525.0mm  30s  30kV 2000uA Pd-Thick   0.0mm Run2 Rep0.wax;30;109;24/01/2017 01:51:35;;525;;850;107;1.3;205494;471;25.3;109368;396;7.5;-31130;317;153.8;2715;653;80.8;-2322;686;3.9;41485;751;1.2;28174;808;45.9;21972;791;1.2;1991;794;0.6;2716;796;0.6;35306;386;6.8;1271915;1027;39.4;1697;457;11.7
e:\XRF_Data\Nathalie Dubois\AWEL2017\AW-13-16\Run 2 at  30kV\AW-13-16  530.0mm  30s  30kV 2000uA Pd-Thick   0.0mm Run2 Rep0.wax;30;103;24/01/2017 01:53:36;;530;;798;105;0.5;176529;439;18.2;107030;389;7.5;-26311;302;126.1;1450;632;69.5;88;680;3.3;42683;748;1.3;24639;797;30.5;22235;788;1;1418;793;0.7;4252;793;0.3;27989;367;6.9;1066794;958;30;1851;446;8
e:\XRF_Data\Nathalie Dubois\AWEL2017\AW-13-16\Run 2 at  30kV\AW-13-16  535.0mm  30s  30kV 2000uA Pd-Thick   0.0mm Run2 Rep0.wax;30;91;24/01/2017 01:55:31;;535;;615;98;0.7;146420;402;17.1;91234;360;8.9;-23489;282;103;4042;601;67.5;-474;656;2.4;35795;718;0.7;21872;768;30.9;14715;757;0.5;911;765;1.1;2254;764;0.5;20842;343;4.9;910390;895;31.5;1614;428;5.7
e:\XRF_Data\Nathalie Dubois\AWEL2017\AW-13-16\Run 2 at  30kV\AW-13-16  540.0mm  30s  30kV 2000uA Pd-Thick   0.0mm Run2 Rep0.wax;30;91;24/01/2017 01:57:14;;540;;481;99;0.5;146919;404;17.2;95202;369;7.9;-23019;284;100.9;2426;604;45.4;960;660;2.2;37401;724;0.9;21476;771;30.3;16708;762;0.7;1563;769;0.8;1669;766;0.3;19840;344;4.2;894816;891;37.8;1916;430;7.3
e:\XRF_Data\Nathalie Dubois\AWEL2017\AW-13-16\Run 2 at  30kV\AW-13-16  545.0mm  30s  30kV 2000uA Pd-Thick   0.0mm Run2 Rep0.wax;30;99;24/01/2017 01:58:56;;545;;876;104;1.2;145363;404;18.1;103262;383;8;-24881;294;107.4;1991;624;49.4;382;681;1.9;39669;748;1;23496;797;29;16930;786;0.4;1104;793;0.6;1021;791;0.4;20138;354;4.7;963322;923;34.3;1725;444;8.6
e:\XRF_Data\Nathalie Dubois\AWEL2017\AW-13-16\Run 2 at  30kV\AW-13-16  550.0mm  30s  30kV 2000uA Pd-Thick   0.0mm Run2 Rep0.wax;30;94;24/01/2017 02:00:47;;550;;810;97;0.8;121770;372;16.5;97024;370;7.8;-21649;279;90.3;2247;602;37.1;537;681;1.5;35519;745;1.2;23206;792;24;18973;788;0.8;1850;801;0.4;2139;795;0.4;11291;329;2.6;789632;857;52.3;1749;436;5.8
e:\XRF_Data\Nathalie Dubois\AWEL2017\AW-13-16\Run 2 at  30kV\AW-13-16  555.0mm  30s  30kV 2000uA Pd-Thick   0.0mm Run2 Rep0.wax;30;95;24/01/2017 02:02:33;;555;;782;100;0.8;131866;386;14.1;99842;374;4.9;-20810;276;88.1;2945;598;33.4;1431;678;2.1;39402;745;1.5;20347;790;20.9;20850;791;0.9;256;803;0.6;1573;799;0.4;11997;329;2.7;762007;845;39.1;1704;432;5.8
e:\XRF_Data\Nathalie Dubois\AWEL2017\AW-13-16\Run 2 at  30kV\AW-13-16  560.0mm  30s  30kV 2000uA Pd-Thick   0.0mm Run2 Rep0.wax;30;103;24/01/2017 02:04:20;;560;;790;105;1;153829;414;13.8;109042;390;5.8;-22881;289;92.8;1578;616;35.3;1283;697;1.3;43627;768;0.9;22089;813;27.4;15948;809;0.6;1107;824;0.8;3625;821;0.7;13603;341;4.2;852835;886;44.8;1088;445;6.7
e:\XRF_Data\Nathalie Dubois\AWEL2017\AW-13-16\Run 2 at  30kV\AW-13-16  565.0mm  30s  30kV 2000uA Pd-Thick   0.0mm Run2 Rep0.wax;30;101;24/01/2017 02:06:15;;565;;1130;104;1.1;144034;402;13.1;125952;411;5.9;-21384;285;81.9;1052;607;30.8;1383;692;2.2;41909;761;1.1;24649;808;27;19982;807;0.8;414;826;0.8;1138;820;0.6;11614;334;3.6;822827;871;52;755;439;6
e:\XRF_Data\Nathalie Dubois\AWEL2017\AW-13-16\Run 2 at  30kV\AW-13-16  570.0mm  30s  30kV 2000uA Pd-Thick   0.0mm Run2 Rep0.wax;30;100;24/01/2017 02:08:10;;570;;524;101;0.8;145897;404;13.8;108503;388;6.1;-20740;283;80.8;2007;605;22.1;1493;695;1.8;38745;763;0.9;21744;810;26;16582;808;0.8;1016;827;0.4;876;821;0.7;7834;328;2.2;793818;862;53.7;1850;441;5.7
e:\XRF_Data\Nathalie Dubois\AWEL2017\AW-13-16\Run 2 at  30kV\AW-13-16  575.0mm  30s  30kV 2000uA Pd-Thick   0.0mm Run2 Rep0.wax;30;95;24/01/2017 02:10:02;;575;;885;99;1.1;126741;380;11.3;109122;387;5.6;-17810;277;65.4;1781;603;19.7;1771;687;2.1;38747;755;0.7;19859;797;17.7;15713;796;0.5;782;816;0.6;2934;808;0.5;11045;332;2.3;707045;826;56;2381;435;5.6
e:\XRF_Data\Nathalie Dubois\AWEL2017\AW-13-16\Run 2 at  30kV\AW-13-16  580.0mm  30s  30kV 2000uA Pd-Thick   0.0mm Run2 Rep0.wax;30;101;24/01/2017 02:11:48;;580;;972;104;0.8;118602;371;8.5;123442;407;7;-19007;283;69;1029;602;17.1;3070;702;1.9;42838;771;1.2;20502;815;19.2;29011;826;0.9;1091;841;0.7;559;832;0.4;5066;323;1.2;720975;835;50.2;2134;441;5.7
e:\XRF_Data\Nathalie Dubois\AWEL2017\AW-13-16\Run 2 at  30kV\AW-13-16  585.0mm  30s  30kV 2000uA Pd-Thick   0.0mm Run2 Rep0.wax;30;102;24/01/2017 02:13:41;;585;;755;103;0.4;99291;344;11.6;112706;392;9.3;-18659;276;67.4;1489;601;13.9;4057;703;1.8;38553;771;1.2;21687;817;22.2;25943;828;1.3;2019;845;0.5;2511;838;1;5065;319;1.4;670482;815;66.9;2631;441;5.6
e:\XRF_Data\Nathalie Dubois\AWEL2017\AW-13-16\Run 2 at  30kV\AW-13-16  590.0mm  30s  30kV 2000uA Pd-Thick   0.0mm Run2 Rep0.wax;30;101;24/01/2017 02:15:36;;590;;688;101;0.9;71310;300;7.6;107544;385;7.4;-15098;270;46.8;607;613;8.1;4235;719;1.2;31637;782;1.1;19823;828;16.8;25001;842;0.9;969;866;1;2240;855;0.7;4877;325;1;539680;766;48.5;1347;443;6.1
e:\XRF_Data\Nathalie Dubois\AWEL2017\AW-13-16\Run 2 at  30kV\AW-13-16  595.0mm  30s  30kV 2000uA Pd-Thick   0.0mm Run2 Rep0.wax;30;103;24/01/2017 02:17:28;;595;;869;102;0.7;76159;308;10.1;105464;383;8.9;-14692;273;45.5;608;614;5.9;2954;726;1.3;30490;788;0.9;19519;834;13.3;23865;847;1;1062;873;0.8;1353;863;0.8;3419;322;0.8;545251;770;51.1;1913;447;4.8
e:\XRF_Data\Nathalie Dubois\AWEL2017\AW-13-16\Run 2 at  30kV\AW-13-16  600.0mm  30s  30kV 2000uA Pd-Thick   0.0mm Run2 Rep0.wax;30;104;24/01/2017 02:19:24;;600;;903;103;1.1;85919;324;11.7;106910;385;9.4;-16078;276;54.4;257;605;4.9;3700;714;1.3;35129;781;0.8;20280;828;17.1;21377;838;0.8;2016;863;0.8;2143;854;0.7;2760;318;0.7;606340;792;70.3;1726;444;4.3
e:\XRF_Data\Nathalie Dubois\AWEL2017\AW-13-16\Run 2 at  30kV\AW-13-16  605.0mm  30s  30kV 2000uA Pd-Thick   0.0mm Run2 Rep0.wax;30;108;24/01/2017 02:21:20;;605;;699;104;0.8;115362;367;18.8;98630;375;8.6;-19498;285;67.5;289;611;8.1;3800;715;2;38592;781;0.9;23525;828;23.9;22587;832;1;1714;848;0.6;2950;843;0.7;4038;323;1;738092;846;100.3;2648;451;7.3
e:\XRF_Data\Nathalie Dubois\AWEL2017\AW-13-16\Run 2 at  30kV\AW-13-16  610.0mm  30s  30kV 2000uA Pd-Thick   0.0mm Run2 Rep0.wax;30;105;24/01/2017 02:23:20;;610;;698;106;1.4;185685;449;27.2;86881;359;8.6;-23220;294;94.4;1194;590;18.8;1107;685;2;46946;755;1.1;30531;805;47.5;24745;800;0.6;884;802;0.6;3022;804;0.4;4167;314;1.8;970262;920;163.9;2940;443;15
e:\XRF_Data\Nathalie Dubois\AWEL2017\AW-13-16\Run 2 at  30kV\AW-13-16  615.0mm  30s  30kV 2000uA Pd-Thick   0.0mm Run2 Rep0.wax;30;97;24/01/2017 02:25:16;;615;;321;102;0.6;180762;442;35.2;74738;337;8.3;-22235;285;83.7;476;573;10.1;967;665;2.6;44738;733;1.6;30545;781;57.8;22823;772;1.1;754;771;0.9;2795;773;0.8;2665;304;1.5;909915;890;240.1;3046;432;19.3
e:\XRF_Data\Nathalie Dubois\AWEL2017\AW-13-16\Run 2 at  30kV\AW-13-16  620.0mm  30s  30kV 2000uA Pd-Thick   0.0mm Run2 Rep0.wax;30;97;24/01/2017 02:27:04;;620;;674;100;0.8;143075;398;21.9;74693;334;7.4;-18312;274;63.4;334;574;9;2472;676;1.7;41968;744;1.4;25627;791;34.8;21231;792;1.3;2848;799;0.7;3872;799;0.6;2378;301;1.2;756837;836;142.1;2775;427;11.7
e:\XRF_Data\Nathalie Dubois\AWEL2017\AW-13-16\Run 2 at  30kV\AW-13-16  625.0mm  30s  30kV 2000uA Pd-Thick   0.0mm Run2 Rep0.wax;30;99;24/01/2017 02:28:54;;625;;751;102;0.9;86586;323;12.9;80844;345;6.9;-14191;267;46.8;-9;588;3.2;6183;702;1.5;41373;772;1.5;20817;811;15.6;24743;826;0.9;2297;843;0.4;1286;837;0.4;1611;306;1;545708;759;72.4;1913;432;6.8
e:\XRF_Data\Nathalie Dubois\AWEL2017\AW-13-16\Run 2 at  30kV\AW-13-16  630.0mm  30s  30kV 2000uA Pd-Thick   0.0mm Run2 Rep0.wax;30;97;24/01/2017 02:30:44;;630;;713;101;1.2;55063;270;7.4;81156;345;8.8;-11600;260;30.6;568;587;2.7;5497;705;1;35903;772;1.5;17703;811;10.5;23720;828;0.7;1144;851;1;508;842;0.6;1125;304;0.7;448169;716;49.4;1529;430;3.5
e:\XRF_Data\Nathalie Dubois\AWEL2017\AW-13-16\Run 2 at  30kV\AW-13-16  635.0mm  30s  30kV 2000uA Pd-Thick   0.0mm Run2 Rep0.wax;30;85;24/01/2017 02:32:32;;635;;844;94;0.7;39168;235;6.4;63548;312;6.6;-9668;243;24.3;-100;561;2;5342;675;0.8;30686;737;1.2;16274;773;10.9;19567;789;0.9;1138;811;0.5;1655;803;0.9;1050;289;0.5;358710;658;42;1969;410;3.3
e:\XRF_Data\Nathalie Dubois\AWEL2017\AW-13-16\Run 2 at  30kV\AW-13-16  640.0mm  30s  30kV 2000uA Pd-Thick   0.0mm Run2 Rep0.wax;30;93;24/01/2017 02:34:10;;640;;929;101;1.1;40634;241;8.2;65440;318;8.3;-10721;254;27.8;624;578;2.8;5834;692;1;32966;756;1.4;17016;793;11.2;17786;805;0.8;1563;825;0.6;3155;820;0.8;808;300;0.6;412404;694;49.7;1430;424;4.8
e:\XRF_Data\Nathalie Dubois\AWEL2017\AW-13-16\Run 2 at  30kV\AW-13-16  645.0mm  30s  30kV 2000uA Pd-Thick   0.0mm Run2 Rep0.wax;30;91;24/01/2017 02:35:56;;645;;1101;100;1.2;32927;223;7;53744;296;9.7;-10309;246;26.6;268;575;2.9;7732;688;1.2;32734;750;2.2;18264;786;11;18867;798;1.1;2733;815;1;2369;811;0.5;903;298;0.6;363689;668;50.6;1598;422;4.9
e:\XRF_Data\Nathalie Dubois\AWEL2017\AW-13-16\Run 2 at  30kV\AW-13-16  650.0mm  30s  30kV 2000uA Pd-Thick   0.0mm Run2 Rep0.wax;30;91;24/01/2017 02:37:38;;650;;749;104;1.2;38743;237;16.3;60453;309;15.6;-11705;260;30.8;733;564;2.8;9070;674;1.1;40278;736;2;20879;769;17.1;26286;782;1.7;2246;784;0.5;2543;780;0.5;861;297;0.6;500607;730;86;1795;424;7.2
e:\XRF_Data\Nathalie Dubois\AWEL2017\AW-13-16\Run 2 at  30kV\AW-13-16  655.0mm  30s  30kV 2000uA Pd-Thick   0.0mm Run2 Rep0.wax;30;93;24/01/2017 02:39:21;;655;;1349;107;1;42512;246;19.7;49140;290;15.4;-12552;265;36.9;-690;565;2;9073;669;1.1;38083;726;2.1;23027;761;20.8;28378;773;2;1767;768;0.4;1758;766;0.4;977;296;1.5;545404;749;107.7;1618;426;13.8
e:\XRF_Data\Nathalie Dubois\AWEL2017\AW-13-16\Run 2 at  30kV\AW-13-16  660.0mm  30s  30kV 2000uA Pd-Thick   0.0mm Run2 Rep0.wax;30;89;24/01/2017 02:41:08;;660;;1308;102;1;38201;234;13.6;38983;266;8.2;-9885;248;21.2;431;559;2;8162;669;0.6;43633;739;1.9;18139;762;13.7;36691;793;1.6;2136;781;0.6;1519;782;0.6;611;293;0.7;405873;681;66.5;1055;415;6.1
e:\XRF_Data\Nathalie Dubois\AWEL2017\AW-13-16\Run 2 at  30kV\AW-13-16  665.0mm  30s  30kV 2000uA Pd-Thick   0.0mm Run2 Rep0.wax;30;85;24/01/2017 02:42:50;;665;;908;99;1.3;32767;221;10.4;31462;248;5.9;-8046;237;19.1;706;549;2.1;8141;663;0.7;38331;732;1;15185;756;8.5;30816;787;1.3;1316;782;0.5;953;781;0.6;536;287;0.4;321602;634;39.3;1510;405;3.4
e:\XRF_Data\Nathalie Dubois\AWEL2017\AW-13-16\Run 2 at  30kV\AW-13-16  670.0mm  30s  30kV 2000uA Pd-Thick   0.0mm Run2 Rep0.wax;30;88;24/01/2017 02:44:27;;670;;908;102;1;33860;225;5.2;31495;250;3.5;-7424;236;17.9;796;565;2.2;9868;683;0.7;31423;745;0.9;15608;779;6.1;27092;806;0.9;2311;809;0.5;2316;809;0.4;704;291;0.8;299705;630;22.7;1067;413;2.7
e:\XRF_Data\Nathalie Dubois\AWEL2017\AW-13-16\Run 2 at  30kV\AW-13-16  675.0mm  30s  30kV 2000uA Pd-Thick   0.0mm Run2 Rep0.wax;30;89;24/01/2017 02:46:07;;675;;812;99;0.6;26658;208;4.4;26098;239;3;-6422;235;14;1981;582;2.2;7463;702;0.4;24226;761;1.3;14357;799;4.8;22031;823;1;2994;832;0.7;1497;828;0.3;941;298;1;234378;602;17.4;1793;422;1.6
e:\XRF_Data\Nathalie Dubois\AWEL2017\AW-13-16\Run 2 at  30kV\AW-13-16  680.0mm  30s  30kV 2000uA Pd-Thick   0.0mm Run2 Rep0.wax;30;90;24/01/2017 02:47:48;;680;;784;99;0.7;20187;191;2.8;25350;238;4.5;-5493;235;9.4;1192;587;2.3;7761;711;0.5;23812;771;0.9;14269;808;4.2;24097;837;1.1;1970;846;0.5;1352;842;0.5;788;301;0.7;212182;593;13.6;1028;426;1.5
e:\XRF_Data\Nathalie Dubois\AWEL2017\AW-13-16\Run 2 at  30kV\AW-13-16  685.0mm  30s  30kV 2000uA Pd-Thick   0.0mm Run2 Rep0.wax;30;91;24/01/2017 02:49:30;;685;;937;99;0.8;20446;191;2.4;25720;237;3.4;-5462;232;13.5;986;580;2.4;9448;707;0.7;33248;778;0.6;13948;806;4.4;23704;837;0.8;2305;847;0.8;992;847;0.4;741;296;1;218284;592;8.2;1572;420;1.3
e:\XRF_Data\Nathalie Dubois\AWEL2017\AW-13-16\Run 2 at  30kV\AW-13-16  690.0mm  30s  30kV 2000uA Pd-Thick   0.0mm Run2 Rep0.wax;30;84;24/01/2017 02:51:12;;690;;1154;98;0.9;21258;191;3.3;26372;234;2.3;-5999;228;17;1962;553;4.4;11515;672;0.7;46197;753;1.2;15018;768;3.9;27996;803;0.8;2064;804;0.6;1305;805;0.5;860;284;0.6;245974;593;10;1121;402;1.5
e:\XRF_Data\Nathalie Dubois\AWEL2017\AW-13-16\Run 2 at  30kV\AW-13-16  695.0mm  30s  30kV 2000uA Pd-Thick   0.0mm Run2 Rep0.wax;30;72;24/01/2017 02:52:49;;695;;820;89;1;16515;173;2.7;18891;210;2.5;-4266;212;6.6;1486;527;2.1;7643;633;0.7;29815;700;1.4;11693;719;5.1;18679;744;1.1;2687;748;1;1290;746;0.6;917;273;0.9;169671;530;10.9;1605;381;1.6
e:\XRF_Data\Nathalie Dubois\AWEL2017\AW-13-16\Run 2 at  30kV\AW-13-16  700.0mm  30s  30kV 2000uA Pd-Thick   0.0mm Run2 Rep0.wax;30;61;24/01/2017 02:54:12;;700;;771;83;0.5;16671;170;0.8;14397;188;1;-2924;196;3.8;1042;489;1.4;7551;587;0.8;20656;641;0.9;8152;662;2.1;15673;684;0.5;1194;687;0.3;1122;681;0.9;642;254;0.5;115743;469;3.3;1382;353;0.7
e:\XRF_Data\Nathalie Dubois\AWEL2017\AW-13-16\Run 2 at  30kV\AW-13-16  705.0mm  30s  30kV 2000uA Pd-Thick   0.0mm Run2 Rep0.wax;30;63;24/01/2017 02:55:25;;705;;692;83;0.8;16052;168;1.6;13934;189;1.2;-2503;195;3.5;1014;501;1.1;8767;610;0.9;21307;667;0.8;10152;692;2.3;20067;723;0.8;1627;729;0.6;122;721;0.5;555;257;0.5;100487;462;4.7;1051;360;0.5
e:\XRF_Data\Nathalie Dubois\AWEL2017\AW-13-16\Run 2 at  30kV\AW-13-16  710.0mm  30s  30kV 2000uA Pd-Thick   0.0mm Run2 Rep0.wax;30;64;24/01/2017 02:56:39;;710;;912;85;0.7;18044;176;0.8;13760;191;1;-2510;198;4.4;2052;508;1.3;9467;615;0.3;20750;670;1;9333;696;1.8;16391;721;0.6;1212;730;0.5;1590;724;0.7;421;261;0.4;101210;466;3.6;1528;363;0.6
e:\XRF_Data\Nathalie Dubois\AWEL2017\AW-13-16\Run 2 at  30kV\AW-13-16  715.0mm  30s  30kV 2000uA Pd-Thick   0.0mm Run2 Rep0.wax;30;64;24/01/2017 02:57:54;;715;;713;84;0.5;20195;183;1.3;13268;189;0.9;-2303;197;4.1;1166;512;0.9;9050;622;0.5;23649;684;0.7;10021;706;2.8;18391;735;0.4;1716;746;0.4;2248;736;0.6;910;262;0.8;91567;459;4.4;1494;366;0.7
e:\XRF_Data\Nathalie Dubois\AWEL2017\AW-13-16\Run 2 at  30kV\AW-13-16  720.0mm  30s  30kV 2000uA Pd-Thick   0.0mm Run2 Rep0.wax;30;61;24/01/2017 02:59:10;;720;;671;81;1.1;18594;176;1.3;10930;176;0.7;-2140;192;3.7;1303;485;0.8;9070;586;0.6;23535;643;1.5;9194;661;2.4;18363;688;0.9;1625;687;0.4;2095;682;0.4;539;250;0.6;111081;461;5.7;1056;349;0.7
e:\XRF_Data\Nathalie Dubois\AWEL2017\AW-13-16\Run 2 at  30kV\AW-13-16  725.0mm  30s  30kV 2000uA Pd-Thick   0.0mm Run2 Rep0.wax;30;47;24/01/2017 03:00:23;;725;;429;65;0.4;10397;137;0.9;6625;144;0.7;-687;159;1.8;1470;407;0.4;3640;482;0.6;11890;525;0.8;5888;539;1.4;10801;556;0.8;1739;556;1.1;2363;543;0.4;627;213;0.6;48399;356;1.1;1602;292;0.7
e:\XRF_Data\Nathalie Dubois\AWEL2017\AW-13-16\Run 2 at  30kV\AW-13-16  730.0mm  30s  30kV 2000uA Pd-Thick   0.0mm Run2 Rep0.wax;30;51;24/01/2017 03:01:22;;730;;4827;106;1.1;7832;133;0.5;4761;148;0.6;-753;178;1.4;2567;476;1.2;4768;561;1;10692;602;0.6;4970;622;1.3;5439;633;0.6;1698;640;0.6;2199;625;0.7;821;249;0.3;35096;372;1.4;2114;337;1
e:\XRF_Data\Nathalie Dubois\AWEL2017\AW-13-16\Run 2 at  30kV\AW-13-16  735.0mm  30s  30kV 2000uA Pd-Thick   0.0mm Run2 Rep0.wax;30;40;24/01/2017 03:02:24;;735;;561;73;1.8;1572;98;2;920;123;0.7;119;158;0.6;3449;432;1.1;2746;496;0.8;4983;527;0.9;5732;553;1.3;2504;552;1.1;1850;568;0.6;4321;554;0.7;740;224;0.6;4194;292;0.8;1867;312;2.1