FileName;LiveTime ; RealTime ; MeasurementDate ; MeasurementTime ; Sample_ID ; User_ID;Al_Area ;Al_ DArea ;Al_ ChiSqr;Si_Area ;Si_ DArea ;Si_ ChiSqr;P_Area ;P_ DArea ;P_ ChiSqr;S_Area ;S_ DArea ;S_ ChiSqr;Cl_Area ;Cl_ DArea ;Cl_ ChiSqr;K_Area ;K_ DArea ;K_ ChiSqr;Ca_Area ;Ca_ DArea ;Ca_ ChiSqr;Rh_Area ;Rh_ DArea ;Rh_ ChiSqr
e:\XRF_Data\Nathalie Dubois\AWEL2017\AW-13-16\Run 1 at  10kV\AW-13-16   45.0mm  30s  10kV 1500uA No-Filter   0.0mm Run1 Rep0.wax;30;38;23/01/2017 20:57:30;;45;;273;109;0.4;51108;271;1.1;-254;135;0.4;17372;261;10.4;24018;1206;1.7;-3406;317;1.3;60391;432;1.9;253049;1354;2.2
e:\XRF_Data\Nathalie Dubois\AWEL2017\AW-13-16\Run 1 at  10kV\AW-13-16   50.0mm  30s  10kV 1500uA No-Filter   0.0mm Run1 Rep0.wax;30;37;23/01/2017 20:58:19;;50;;448;103;0.5;50256;266;2.6;-164;131;0.6;22711;264;14.4;18196;1045;2;-2998;307;1.9;63565;426;1.5;222556;1225;1
e:\XRF_Data\Nathalie Dubois\AWEL2017\AW-13-16\Run 1 at  10kV\AW-13-16   55.0mm  30s  10kV 1500uA No-Filter   0.0mm Run1 Rep0.wax;30;38;23/01/2017 20:59:07;;55;;775;115;0.7;63868;299;2.2;-238;156;1.3;15206;244;8.8;17277;701;1.6;2006;320;7.7;712789;900;4.2;169209;949;1.7
e:\XRF_Data\Nathalie Dubois\AWEL2017\AW-13-16\Run 1 at  10kV\AW-13-16   60.0mm  30s  10kV 1500uA No-Filter   0.0mm Run1 Rep0.wax;30;42;23/01/2017 20:59:56;;60;;885;134;0.8;75758;331;2.5;38;189;2.9;13021;252;17;17566;733;5.5;9561;380;13.3;1553797;1277;13.5;184672;1004;5.1
e:\XRF_Data\Nathalie Dubois\AWEL2017\AW-13-16\Run 1 at  10kV\AW-13-16   65.0mm  30s  10kV 1500uA No-Filter   0.0mm Run1 Rep0.wax;30;43;23/01/2017 21:00:49;;65;;985;142;1.1;81207;344;2.5;-427;200;3.2;15170;269;13.3;21851;778;5;10708;394;12.6;1832488;1378;16;206335;1060;8.3
e:\XRF_Data\Nathalie Dubois\AWEL2017\AW-13-16\Run 1 at  10kV\AW-13-16   70.0mm  30s  10kV 1500uA No-Filter   0.0mm Run1 Rep0.wax;30;40;23/01/2017 21:01:44;;70;;881;129;1.1;72750;322;2.7;-487;177;1.6;12271;247;14.6;18926;711;3.4;7096;359;11.2;1287668;1170;11.1;173132;969;4.2
e:\XRF_Data\Nathalie Dubois\AWEL2017\AW-13-16\Run 1 at  10kV\AW-13-16   75.0mm  30s  10kV 1500uA No-Filter   0.0mm Run1 Rep0.wax;30;41;23/01/2017 21:02:36;;75;;745;127;0.9;62697;305;1.5;-387;176;3;14241;255;7.6;19020;773;3;7339;370;10.2;1216759;1148;13.1;197035;1041;4
e:\XRF_Data\Nathalie Dubois\AWEL2017\AW-13-16\Run 1 at  10kV\AW-13-16   80.0mm  30s  10kV 1500uA No-Filter   0.0mm Run1 Rep0.wax;30;40;23/01/2017 21:03:28;;80;;636;124;1.8;66946;310;2.2;-687;168;1.2;14558;255;8.8;19304;756;3.9;6864;364;9.1;992926;1052;9.9;197564;1023;4.7
e:\XRF_Data\Nathalie Dubois\AWEL2017\AW-13-16\Run 1 at  10kV\AW-13-16   85.0mm  30s  10kV 1500uA No-Filter   0.0mm Run1 Rep0.wax;30;38;23/01/2017 21:04:19;;85;;783;116;0.4;64124;300;1.3;-613;152;1.6;18204;255;2.9;19855;758;1.6;5260;337;5.8;531675;809;3.6;196855;1017;3
e:\XRF_Data\Nathalie Dubois\AWEL2017\AW-13-16\Run 1 at  10kV\AW-13-16   90.0mm  30s  10kV 1500uA No-Filter   0.0mm Run1 Rep0.wax;30;37;23/01/2017 21:05:08;;90;;847;105;0.8;58561;282;0.9;102;138;1.5;16568;240;9.8;17102;708;3.9;220;307;5.7;307389;651;2;170394;946;1.6
e:\XRF_Data\Nathalie Dubois\AWEL2017\AW-13-16\Run 1 at  10kV\AW-13-16   95.0mm  30s  10kV 1500uA No-Filter   0.0mm Run1 Rep0.wax;30;37;23/01/2017 21:05:56;;95;;690;107;0.8;61836;289;1.1;-270;136;0.7;11597;226;18.2;19735;728;3.1;969;301;4.7;267777;616;1.3;180031;968;0.7
e:\XRF_Data\Nathalie Dubois\AWEL2017\AW-13-16\Run 1 at  10kV\AW-13-16  100.0mm  30s  10kV 1500uA No-Filter   0.0mm Run1 Rep0.wax;30;38;23/01/2017 21:06:44;;100;;489;111;0.6;58615;287;1.6;-39;143;0.7;17519;252;10.1;27396;806;1.7;4414;335;5.5;287376;652;2.5;203062;1049;1.7
e:\XRF_Data\Nathalie Dubois\AWEL2017\AW-13-16\Run 1 at  10kV\AW-13-16  105.0mm  30s  10kV 1500uA No-Filter   0.0mm Run1 Rep0.wax;30;39;23/01/2017 21:07:33;;105;;779;122;0.8;67413;310;2.7;-142;163;1.2;15842;259;13.6;33474;850;3.1;8174;359;7;598614;858;5.5;234539;1114;5.1
e:\XRF_Data\Nathalie Dubois\AWEL2017\AW-13-16\Run 1 at  10kV\AW-13-16  110.0mm  30s  10kV 1500uA No-Filter   0.0mm Run1 Rep0.wax;30;38;23/01/2017 21:08:24;;110;;1077;120;0.9;73546;317;1.6;-293;155;1.1;18859;259;16.8;21170;758;2.9;10337;342;9.5;493755;784;4.2;206078;1022;3.3
e:\XRF_Data\Nathalie Dubois\AWEL2017\AW-13-16\Run 1 at  10kV\AW-13-16  115.0mm  30s  10kV 1500uA No-Filter   0.0mm Run1 Rep0.wax;30;38;23/01/2017 21:09:13;;115;;1356;121;1.2;76209;321;3;-230;152;1.3;29653;282;7.9;21330;748;3.1;13088;348;8;406905;731;4;200870;1008;2.8
e:\XRF_Data\Nathalie Dubois\AWEL2017\AW-13-16\Run 1 at  10kV\AW-13-16  120.0mm  30s  10kV 1500uA No-Filter   0.0mm Run1 Rep0.wax;30;38;23/01/2017 21:10:02;;120;;2123;125;0.4;89252;342;2.5;-299;156;1.1;24546;270;8.4;19949;711;2.5;11314;337;9.7;515610;789;4.3;189904;971;3
e:\XRF_Data\Nathalie Dubois\AWEL2017\AW-13-16\Run 1 at  10kV\AW-13-16  125.0mm  30s  10kV 1500uA No-Filter   0.0mm Run1 Rep0.wax;30;38;23/01/2017 21:10:51;;125;;1673;123;0.5;75429;320;3.4;-126;152;0.6;19738;260;13.4;20523;752;3.3;9304;342;6.1;430041;747;4.1;203748;1015;3.8
e:\XRF_Data\Nathalie Dubois\AWEL2017\AW-13-16\Run 1 at  10kV\AW-13-16  130.0mm  30s  10kV 1500uA No-Filter   0.0mm Run1 Rep0.wax;30;39;23/01/2017 21:11:40;;130;;2309;132;0.9;82614;336;4.3;-83;163;2.2;21583;270;9;23314;782;4;17749;369;7.9;574582;841;5.4;227781;1059;7.8
e:\XRF_Data\Nathalie Dubois\AWEL2017\AW-13-16\Run 1 at  10kV\AW-13-16  135.0mm  30s  10kV 1500uA No-Filter   0.0mm Run1 Rep0.wax;30;41;23/01/2017 21:12:31;;135;;4146;151;0.9;118096;394;4;131;184;2.3;28989;292;6.8;21830;743;7.8;37309;424;16.2;1052319;1087;8.5;212050;1034;13.5
e:\XRF_Data\Nathalie Dubois\AWEL2017\AW-13-16\Run 1 at  10kV\AW-13-16  140.0mm  30s  10kV 1500uA No-Filter   0.0mm Run1 Rep0.wax;30;41;23/01/2017 21:13:24;;140;;4016;149;0.7;107083;378;4.3;371;182;2.5;27224;287;4.9;21483;736;5.3;31496;416;15;1020519;1073;8.1;200316;1018;8.5
e:\XRF_Data\Nathalie Dubois\AWEL2017\AW-13-16\Run 1 at  10kV\AW-13-16  145.0mm  30s  10kV 1500uA No-Filter   0.0mm Run1 Rep0.wax;30;39;23/01/2017 21:14:16;;145;;2844;139;1.7;95339;357;3.2;-116;167;1.8;30250;287;6.2;19591;712;3.6;22715;380;11.3;669070;895;5.5;188582;980;4.5
e:\XRF_Data\Nathalie Dubois\AWEL2017\AW-13-16\Run 1 at  10kV\AW-13-16  150.0mm  30s  10kV 1500uA No-Filter   0.0mm Run1 Rep0.wax;30;39;23/01/2017 21:15:07;;150;;3721;137;1.7;93740;353;3.3;-29;165;1.1;19796;260;7.7;19672;699;3.6;22489;377;10.6;708829;914;6.4;180086;963;4.7
e:\XRF_Data\Nathalie Dubois\AWEL2017\AW-13-16\Run 1 at  10kV\AW-13-16  155.0mm  30s  10kV 1500uA No-Filter   0.0mm Run1 Rep0.wax;30;40;23/01/2017 21:16:00;;155;;3456;142;1;101796;367;1.4;-89;171;2.1;18813;262;1.8;22740;718;3.5;26030;391;11.9;805545;965;5.5;186374;987;6.3
e:\XRF_Data\Nathalie Dubois\AWEL2017\AW-13-16\Run 1 at  10kV\AW-13-16  160.0mm  30s  10kV 1500uA No-Filter   0.0mm Run1 Rep0.wax;30;39;23/01/2017 21:16:51;;160;;2413;130;0.5;76859;326;1.2;-560;161;2.4;17647;260;4.3;22378;762;3.7;14298;365;6.3;551780;829;4.8;203684;1029;6.2
e:\XRF_Data\Nathalie Dubois\AWEL2017\AW-13-16\Run 1 at  10kV\AW-13-16  165.0mm  30s  10kV 1500uA No-Filter   0.0mm Run1 Rep0.wax;30;38;23/01/2017 21:17:41;;165;;2129;121;0.6;78961;323;2.8;220;151;1.2;15840;244;3.7;18661;694;2.2;13023;341;8.2;438228;747;3.5;173189;945;3
e:\XRF_Data\Nathalie Dubois\AWEL2017\AW-13-16\Run 1 at  10kV\AW-13-16  170.0mm  30s  10kV 1500uA No-Filter   0.0mm Run1 Rep0.wax;30;38;23/01/2017 21:18:30;;170;;1578;120;0.4;67947;307;2.5;-503;150;1.8;19437;258;2.5;21896;761;1.6;7524;333;6.6;347575;689;3.6;194189;1014;3.6
e:\XRF_Data\Nathalie Dubois\AWEL2017\AW-13-16\Run 1 at  10kV\AW-13-16  175.0mm  30s  10kV 1500uA No-Filter   0.0mm Run1 Rep0.wax;30;38;23/01/2017 21:19:18;;175;;2497;126;0.8;81704;329;1.8;-30;152;1.4;17343;247;3.1;20068;695;3.4;12857;345;11.3;460729;765;3;172961;947;5.6
e:\XRF_Data\Nathalie Dubois\AWEL2017\AW-13-16\Run 1 at  10kV\AW-13-16  180.0mm  30s  10kV 1500uA No-Filter   0.0mm Run1 Rep0.wax;30;37;23/01/2017 21:20:08;;180;;1825;118;1.2;70425;309;1.1;-137;148;1.8;18313;249;2;19219;701;1.5;6720;325;7.7;359150;692;2.2;170099;943;2.2
e:\XRF_Data\Nathalie Dubois\AWEL2017\AW-13-16\Run 1 at  10kV\AW-13-16  185.0mm  30s  10kV 1500uA No-Filter   0.0mm Run1 Rep0.wax;30;38;23/01/2017 21:20:58;;185;;2393;127;0.6;75481;321;1.8;73;157;1.2;19127;259;0.6;20206;741;1.9;10134;353;9.9;512848;804;3;190767;1003;4.1
e:\XRF_Data\Nathalie Dubois\AWEL2017\AW-13-16\Run 1 at  10kV\AW-13-16  190.0mm  30s  10kV 1500uA No-Filter   0.0mm Run1 Rep0.wax;30;38;23/01/2017 21:21:49;;190;;1847;124;1;76796;323;2.2;-203;154;1.4;16673;249;1.3;20056;717;2;10969;351;9.7;492269;789;3.1;177168;973;3.2
e:\XRF_Data\Nathalie Dubois\AWEL2017\AW-13-16\Run 1 at  10kV\AW-13-16  195.0mm  30s  10kV 1500uA No-Filter   0.0mm Run1 Rep0.wax;30;36;23/01/2017 21:22:38;;195;;911;110;0.4;59324;286;0.9;-51;139;1;12615;229;1.3;19642;734;1.1;943;308;7;267473;620;3;173331;974;1.7
e:\XRF_Data\Nathalie Dubois\AWEL2017\AW-13-16\Run 1 at  10kV\AW-13-16  200.0mm  30s  10kV 1500uA No-Filter   0.0mm Run1 Rep0.wax;30;38;23/01/2017 21:23:26;;200;;1989;125;1.1;74263;318;2;195;157;1.3;17020;249;9.6;21085;713;3.4;8882;342;7.8;569080;826;3.5;174535;962;3.4
e:\XRF_Data\Nathalie Dubois\AWEL2017\AW-13-16\Run 1 at  10kV\AW-13-16  205.0mm  30s  10kV 1500uA No-Filter   0.0mm Run1 Rep0.wax;30;39;23/01/2017 21:24:15;;205;;3153;139;0.9;91667;352;2.1;360;171;2.5;21198;267;18;21334;720;4.1;19826;384;12.6;726185;928;5.4;181503;983;4.9
e:\XRF_Data\Nathalie Dubois\AWEL2017\AW-13-16\Run 1 at  10kV\AW-13-16  210.0mm  30s  10kV 1500uA No-Filter   0.0mm Run1 Rep0.wax;30;41;23/01/2017 21:25:06;;210;;4175;148;0.9;102625;372;2.2;298;180;1.1;21992;279;21.3;28098;773;8.8;24792;405;11.5;838505;992;4.8;209854;1050;7.4
e:\XRF_Data\Nathalie Dubois\AWEL2017\AW-13-16\Run 1 at  10kV\AW-13-16  215.0mm  30s  10kV 1500uA No-Filter   0.0mm Run1 Rep0.wax;30;42;23/01/2017 21:25:58;;215;;3272;147;0.8;97508;366;2.4;544;184;2.3;24916;289;13.9;24573;802;4;23318;416;11.8;835499;1002;5.4;228087;1091;6.7
e:\XRF_Data\Nathalie Dubois\AWEL2017\AW-13-16\Run 1 at  10kV\AW-13-16  220.0mm  30s  10kV 1500uA No-Filter   0.0mm Run1 Rep0.wax;30;46;23/01/2017 21:26:50;;220;;7252;183;1.4;150979;449;5.9;1894;222;1.8;33705;324;78.3;27615;820;14.7;52472;484;17.6;1683803;1352;8.4;244623;1133;16.4
e:\XRF_Data\Nathalie Dubois\AWEL2017\AW-13-16\Run 1 at  10kV\AW-13-16  225.0mm  30s  10kV 1500uA No-Filter   0.0mm Run1 Rep0.wax;30;45;23/01/2017 21:27:47;;225;;5728;172;1.6;129624;419;3.1;1177;211;1.3;28675;310;35.6;28304;828;9.6;42669;466;15.5;1440391;1265;6.8;246235;1137;10.9
e:\XRF_Data\Nathalie Dubois\AWEL2017\AW-13-16\Run 1 at  10kV\AW-13-16  230.0mm  30s  10kV 1500uA No-Filter   0.0mm Run1 Rep0.wax;30;44;23/01/2017 21:28:44;;230;;5755;170;1.5;138448;428;1.8;652;202;1.8;27839;303;23.7;26167;805;8;47467;465;11.4;1302062;1207;8.1;239798;1114;11.3
e:\XRF_Data\Nathalie Dubois\AWEL2017\AW-13-16\Run 1 at  10kV\AW-13-16  235.0mm  30s  10kV 1500uA No-Filter   0.0mm Run1 Rep0.wax;30;44;23/01/2017 21:29:40;;235;;6576;171;1.9;129352;417;3.1;253;203;1.9;28961;307;50.5;27941;815;10.4;44805;461;15.6;1266322;1192;10.2;238435;1119;12
e:\XRF_Data\Nathalie Dubois\AWEL2017\AW-13-16\Run 1 at  10kV\AW-13-16  240.0mm  30s  10kV 1500uA No-Filter   0.0mm Run1 Rep0.wax;30;42;23/01/2017 21:30:37;;240;;5129;162;1.6;112711;392;5.2;-490;194;1.8;30764;305;67.2;27280;798;12.7;33322;436;19.8;1148189;1138;8;223379;1090;9.2
e:\XRF_Data\Nathalie Dubois\AWEL2017\AW-13-16\Run 1 at  10kV\AW-13-16  245.0mm  30s  10kV 1500uA No-Filter   0.0mm Run1 Rep0.wax;30;43;23/01/2017 21:31:30;;245;;7652;177;2.9;136913;427;9.2;-345;204;1.4;40042;327;128.8;28956;801;20.1;46825;461;14;1280771;1195;10;222242;1097;11.2
e:\XRF_Data\Nathalie Dubois\AWEL2017\AW-13-16\Run 1 at  10kV\AW-13-16  250.0mm  30s  10kV 1500uA No-Filter   0.0mm Run1 Rep0.wax;30;42;23/01/2017 21:32:26;;250;;5396;163;1.9;123008;405;6.9;43;192;1.2;35572;313;119.4;27679;782;16;34488;435;15.4;1037314;1091;7.7;213277;1069;7.4
e:\XRF_Data\Nathalie Dubois\AWEL2017\AW-13-16\Run 1 at  10kV\AW-13-16  255.0mm  30s  10kV 1500uA No-Filter   0.0mm Run1 Rep0.wax;30;40;23/01/2017 21:33:19;;255;;2510;140;2.2;89786;351;2.8;-115;175;1.4;27124;288;26.2;22660;770;4.3;12566;389;8.2;808381;980;4.2;204478;1046;5.9
e:\XRF_Data\Nathalie Dubois\AWEL2017\AW-13-16\Run 1 at  10kV\AW-13-16  260.0mm  30s  10kV 1500uA No-Filter   0.0mm Run1 Rep0.wax;30;40;23/01/2017 21:34:11;;260;;1980;135;1.3;75291;327;3.9;-252;172;1.3;26616;286;31.3;22525;792;3.5;6580;377;5.7;767938;963;4.2;209877;1063;3
e:\XRF_Data\Nathalie Dubois\AWEL2017\AW-13-16\Run 1 at  10kV\AW-13-16  265.0mm  30s  10kV 1500uA No-Filter   0.0mm Run1 Rep0.wax;30;42;23/01/2017 21:35:02;;265;;2440;144;0.8;80408;341;6.1;-223;187;2;30795;305;51.4;27280;854;10.3;10732;394;10.8;991507;1072;4.5;241144;1139;8.2
e:\XRF_Data\Nathalie Dubois\AWEL2017\AW-13-16\Run 1 at  10kV\AW-13-16  270.0mm  30s  10kV 1500uA No-Filter   0.0mm Run1 Rep0.wax;30;40;23/01/2017 21:35:55;;270;;1704;132;1.1;69323;316;2.5;-221;170;1.4;25181;285;21.3;23759;821;4.7;3216;367;7.1;692530;923;3.7;218447;1092;5.1
e:\XRF_Data\Nathalie Dubois\AWEL2017\AW-13-16\Run 1 at  10kV\AW-13-16  275.0mm  30s  10kV 1500uA No-Filter   0.0mm Run1 Rep0.wax;30;40;23/01/2017 21:36:47;;275;;1681;130;0.6;66788;311;2.8;-443;167;2.1;26389;286;19.9;25663;850;5.1;1536;356;4.2;606013;873;3.8;233171;1120;4.5
e:\XRF_Data\Nathalie Dubois\AWEL2017\AW-13-16\Run 1 at  10kV\AW-13-16  280.0mm  30s  10kV 1500uA No-Filter   0.0mm Run1 Rep0.wax;30;42;23/01/2017 21:37:38;;280;;1905;137;0.7;71960;324;4.3;-374;180;0.8;28270;299;34.7;24880;851;5.8;5688;392;7.7;929731;1048;5.6;233104;1133;5.8
e:\XRF_Data\Nathalie Dubois\AWEL2017\AW-13-16\Run 1 at  10kV\AW-13-16  285.0mm  30s  10kV 1500uA No-Filter   0.0mm Run1 Rep0.wax;30;41;23/01/2017 21:38:30;;285;;1386;135;1.3;68317;317;3.1;-330;178;1.1;26757;291;26.9;22812;834;4.4;3338;381;5.8;912031;1037;5.3;221181;1110;2.9
e:\XRF_Data\Nathalie Dubois\AWEL2017\AW-13-16\Run 1 at  10kV\AW-13-16  290.0mm  30s  10kV 1500uA No-Filter   0.0mm Run1 Rep0.wax;30;42;23/01/2017 21:39:23;;290;;1960;139;1.2;73127;327;3.6;-396;184;1.5;29852;302;45.7;23929;837;7.4;5223;391;8.9;1010397;1084;6.3;224727;1117;4.6
e:\XRF_Data\Nathalie Dubois\AWEL2017\AW-13-16\Run 1 at  10kV\AW-13-16  295.0mm  30s  10kV 1500uA No-Filter   0.0mm Run1 Rep0.wax;30;42;23/01/2017 21:40:15;;295;;1627;140;1.6;73793;330;4.5;-488;185;2.2;30240;304;40.8;24858;839;7.1;6206;393;10.2;1029735;1093;5.9;226740;1118;4.4
e:\XRF_Data\Nathalie Dubois\AWEL2017\AW-13-16\Run 1 at  10kV\AW-13-16  300.0mm  30s  10kV 1500uA No-Filter   0.0mm Run1 Rep0.wax;30;42;23/01/2017 21:41:08;;300;;2268;144;1.3;78008;338;4.9;-356;190;2.1;30430;306;60.5;26354;847;10.3;6329;396;8.4;1129782;1135;5.2;231109;1131;7.8
e:\XRF_Data\Nathalie Dubois\AWEL2017\AW-13-16\Run 1 at  10kV\AW-13-16  305.0mm  30s  10kV 1500uA No-Filter   0.0mm Run1 Rep0.wax;30;42;23/01/2017 21:42:01;;305;;1820;139;1.1;75410;332;2.8;-730;184;1.5;27082;294;38.3;23337;816;7;9145;395;8.8;1088046;1114;6.3;218377;1094;5.7
e:\XRF_Data\Nathalie Dubois\AWEL2017\AW-13-16\Run 1 at  10kV\AW-13-16  310.0mm  30s  10kV 1500uA No-Filter   0.0mm Run1 Rep0.wax;30;42;23/01/2017 21:42:54;;310;;2503;144;1.3;84149;346;4.3;-71;185;1.1;27416;294;46;26566;813;6.6;11728;398;9.4;1081862;1110;5.6;217496;1091;5.2
e:\XRF_Data\Nathalie Dubois\AWEL2017\AW-13-16\Run 1 at  10kV\AW-13-16  315.0mm  30s  10kV 1500uA No-Filter   0.0mm Run1 Rep0.wax;30;41;23/01/2017 21:43:46;;315;;3235;145;1.4;90444;355;4.4;-348;183;1.5;26339;291;44.4;24092;780;7.7;17442;406;10.2;1017346;1081;5.5;204778;1058;4.9
e:\XRF_Data\Nathalie Dubois\AWEL2017\AW-13-16\Run 1 at  10kV\AW-13-16  320.0mm  30s  10kV 1500uA No-Filter   0.0mm Run1 Rep0.wax;30;40;23/01/2017 21:44:38;;320;;1920;136;0.8;74538;327;2.2;-120;175;2.2;24852;284;20.8;25537;813;6.3;6231;380;5.7;844541;999;4.7;216024;1085;5.3
e:\XRF_Data\Nathalie Dubois\AWEL2017\AW-13-16\Run 1 at  10kV\AW-13-16  325.0mm  30s  10kV 1500uA No-Filter   0.0mm Run1 Rep0.wax;30;40;23/01/2017 21:45:30;;325;;1460;129;1.2;67293;312;2.9;-516;166;0.6;23325;277;16.4;23850;803;3.6;4422;366;6.2;659128;904;3.8;210110;1066;3.2
e:\XRF_Data\Nathalie Dubois\AWEL2017\AW-13-16\Run 1 at  10kV\AW-13-16  330.0mm  30s  10kV 1500uA No-Filter   0.0mm Run1 Rep0.wax;30;40;23/01/2017 21:46:21;;330;;1446;133;1;73134;323;2.3;-247;172;1.3;25963;284;34.2;23200;775;5.1;6725;372;6.4;845224;998;4;198241;1038;4.2
e:\XRF_Data\Nathalie Dubois\AWEL2017\AW-13-16\Run 1 at  10kV\AW-13-16  335.0mm  30s  10kV 1500uA No-Filter   0.0mm Run1 Rep0.wax;30;39;23/01/2017 21:47:13;;335;;1575;129;1.2;67784;312;3.5;-204;169;2.4;24039;275;28.9;21902;772;4.8;3772;359;5.8;801635;970;4.4;194816;1032;3.9
e:\XRF_Data\Nathalie Dubois\AWEL2017\AW-13-16\Run 1 at  10kV\AW-13-16  340.0mm  30s  10kV 1500uA No-Filter   0.0mm Run1 Rep0.wax;30;41;23/01/2017 21:48:04;;340;;1485;135;0.9;72147;324;2.2;-126;177;1.8;25691;288;24.5;21946;823;3.6;5518;380;7;872763;1018;3.6;222435;1101;4.4
e:\XRF_Data\Nathalie Dubois\AWEL2017\AW-13-16\Run 1 at  10kV\AW-13-16  345.0mm  30s  10kV 1500uA No-Filter   0.0mm Run1 Rep0.wax;30;42;23/01/2017 21:48:56;;345;;1807;141;0.9;74641;332;3.7;-160;186;1.7;26785;296;29.3;23560;844;3.8;5286;391;7.8;1062652;1106;4.7;231232;1127;4.9
e:\XRF_Data\Nathalie Dubois\AWEL2017\AW-13-16\Run 1 at  10kV\AW-13-16  350.0mm  30s  10kV 1500uA No-Filter   0.0mm Run1 Rep0.wax;30;42;23/01/2017 21:49:49;;350;;1794;142;1.3;74139;332;3.8;-499;190;2.8;29190;302;39.9;24437;849;6.2;5814;395;8.1;1155190;1146;6.5;232663;1134;5.1
e:\XRF_Data\Nathalie Dubois\AWEL2017\AW-13-16\Run 1 at  10kV\AW-13-16  355.0mm  30s  10kV 1500uA No-Filter   0.0mm Run1 Rep0.wax;30;41;23/01/2017 21:50:42;;355;;1761;139;0.7;73402;328;3.7;-316;182;1.2;28633;297;38.1;23473;828;5;6549;386;8.6;950308;1055;5;222302;1106;4.9
e:\XRF_Data\Nathalie Dubois\AWEL2017\AW-13-16\Run 1 at  10kV\AW-13-16  360.0mm  30s  10kV 1500uA No-Filter   0.0mm Run1 Rep0.wax;30;41;23/01/2017 21:51:35;;360;;1913;138;1.2;75807;331;3.3;-529;182;1.2;27901;297;34.2;25095;838;7.4;7134;387;9.1;935975;1047;5.7;229800;1119;5.8
e:\XRF_Data\Nathalie Dubois\AWEL2017\AW-13-16\Run 1 at  10kV\AW-13-16  365.0mm  30s  10kV 1500uA No-Filter   0.0mm Run1 Rep0.wax;30;41;23/01/2017 21:52:27;;365;;1988;138;1.2;75130;330;4.1;-455;179;2.3;28295;297;36.9;26680;847;4.9;6358;384;7.2;826638;996;4.3;229930;1126;4.1
e:\XRF_Data\Nathalie Dubois\AWEL2017\AW-13-16\Run 1 at  10kV\AW-13-16  370.0mm  30s  10kV 1500uA No-Filter   0.0mm Run1 Rep0.wax;30;40;23/01/2017 21:53:19;;370;;1663;134;1.1;72418;323;3.3;-409;173;1.2;26172;287;28.5;24611;807;6.5;6508;374;7.5;754223;956;4.1;209375;1075;4.4
e:\XRF_Data\Nathalie Dubois\AWEL2017\AW-13-16\Run 1 at  10kV\AW-13-16  375.0mm  30s  10kV 1500uA No-Filter   0.0mm Run1 Rep0.wax;30;41;23/01/2017 21:54:11;;375;;1903;139;0.8;77284;334;4.3;-819;180;1.8;30099;301;43.8;26164;821;8.8;10396;394;11.5;881397;1024;4.4;219201;1096;6.2
e:\XRF_Data\Nathalie Dubois\AWEL2017\AW-13-16\Run 1 at  10kV\AW-13-16  380.0mm  30s  10kV 1500uA No-Filter   0.0mm Run1 Rep0.wax;30;40;23/01/2017 21:55:03;;380;;1866;135;2;72421;324;5.1;-476;173;1.5;28550;294;35.6;26144;831;9.4;6189;381;7.5;713515;939;3.3;222437;1104;5.6
e:\XRF_Data\Nathalie Dubois\AWEL2017\AW-13-16\Run 1 at  10kV\AW-13-16  385.0mm  30s  10kV 1500uA No-Filter   0.0mm Run1 Rep0.wax;30;41;23/01/2017 21:55:54;;385;;1785;139;1.2;75732;332;5.3;-445;182;1.3;31004;305;47.8;28197;844;9.8;10676;394;20.9;844488;1010;4.2;229205;1121;6.3
e:\XRF_Data\Nathalie Dubois\AWEL2017\AW-13-16\Run 1 at  10kV\AW-13-16  390.0mm  30s  10kV 1500uA No-Filter   0.0mm Run1 Rep0.wax;30;39;23/01/2017 21:56:47;;390;;1469;127;1;65837;308;2.5;-352;163;1.4;22138;274;18.6;25787;812;4.3;2702;360;4.7;625106;884;4.1;213067;1073;3.5
e:\XRF_Data\Nathalie Dubois\AWEL2017\AW-13-16\Run 1 at  10kV\AW-13-16  395.0mm  30s  10kV 1500uA No-Filter   0.0mm Run1 Rep0.wax;30;37;23/01/2017 21:57:38;;395;;1301;119;1.5;62584;296;1.3;-380;149;1;16956;253;9;22688;781;1.2;-756;332;4.1;426875;752;2.9;193724;1031;1.1
e:\XRF_Data\Nathalie Dubois\AWEL2017\AW-13-16\Run 1 at  10kV\AW-13-16  400.0mm  30s  10kV 1500uA No-Filter   0.0mm Run1 Rep0.wax;30;41;23/01/2017 21:58:26;;400;;1469;135;0.9;70873;323;3.9;-802;179;1.6;27619;297;32.4;26274;842;5.3;5800;387;11.9;876196;1023;5.1;224694;1117;5.2
e:\XRF_Data\Nathalie Dubois\AWEL2017\AW-13-16\Run 1 at  10kV\AW-13-16  405.0mm  30s  10kV 1500uA No-Filter   0.0mm Run1 Rep0.wax;30;41;23/01/2017 21:59:19;;405;;1494;134;1.2;67061;316;3.5;-431;182;2.5;28357;294;35.2;22159;824;3.7;5417;386;18;1008359;1083;4.6;211975;1098;3
e:\XRF_Data\Nathalie Dubois\AWEL2017\AW-13-16\Run 1 at  10kV\AW-13-16  410.0mm  30s  10kV 1500uA No-Filter   0.0mm Run1 Rep0.wax;30;41;23/01/2017 22:00:11;;410;;1196;134;0.6;71287;323;4;-594;178;1.4;28669;295;42.5;23010;814;6.1;6648;384;11.7;905843;1034;4.2;213114;1089;5.7
e:\XRF_Data\Nathalie Dubois\AWEL2017\AW-13-16\Run 1 at  10kV\AW-13-16  415.0mm  30s  10kV 1500uA No-Filter   0.0mm Run1 Rep0.wax;30;40;23/01/2017 22:01:03;;415;;1589;132;1;72185;323;4.3;-580;172;2.8;25736;287;26.2;24519;829;6;6942;382;7;724712;945;5;223665;1105;5.4
e:\XRF_Data\Nathalie Dubois\AWEL2017\AW-13-16\Run 1 at  10kV\AW-13-16  420.0mm  30s  10kV 1500uA No-Filter   0.0mm Run1 Rep0.wax;30;40;23/01/2017 22:01:55;;420;;1316;131;1.1;71070;319;3.4;-237;169;1;24930;284;27.6;23417;811;6.2;7702;382;7.6;706898;936;4;215413;1083;6.1
e:\XRF_Data\Nathalie Dubois\AWEL2017\AW-13-16\Run 1 at  10kV\AW-13-16  425.0mm  30s  10kV 1500uA No-Filter   0.0mm Run1 Rep0.wax;30;40;23/01/2017 22:02:47;;425;;1551;128;0.9;68976;314;3.1;-470;165;1;24265;281;24.2;21645;793;3.8;6409;375;7.7;624540;891;3.8;206650;1059;4
e:\XRF_Data\Nathalie Dubois\AWEL2017\AW-13-16\Run 1 at  10kV\AW-13-16  430.0mm  30s  10kV 1500uA No-Filter   0.0mm Run1 Rep0.wax;30;39;23/01/2017 22:03:38;;430;;1634;127;0.5;69024;314;1.7;-572;165;1.4;23952;277;19.7;21616;782;4.1;7230;374;6.6;621916;888;3.7;201229;1048;4.3
e:\XRF_Data\Nathalie Dubois\AWEL2017\AW-13-16\Run 1 at  10kV\AW-13-16  435.0mm  30s  10kV 1500uA No-Filter   0.0mm Run1 Rep0.wax;30;38;23/01/2017 22:04:30;;435;;1434;120;1;64661;302;1.6;-555;154;1.4;21194;264;14.1;21598;755;3.9;4519;352;5.5;486235;797;4;184239;1007;4.8
e:\XRF_Data\Nathalie Dubois\AWEL2017\AW-13-16\Run 1 at  10kV\AW-13-16  440.0mm  30s  10kV 1500uA No-Filter   0.0mm Run1 Rep0.wax;30;38;23/01/2017 22:05:19;;440;;1430;120;0.8;63624;299;1.5;-24;154;1.8;21958;264;24.5;21608;746;6.1;3289;346;4.2;474714;789;3.1;180806;994;4.1
e:\XRF_Data\Nathalie Dubois\AWEL2017\AW-13-16\Run 1 at  10kV\AW-13-16  445.0mm  30s  10kV 1500uA No-Filter   0.0mm Run1 Rep0.wax;30;39;23/01/2017 22:06:08;;445;;1391;125;0.8;66253;308;2.3;-400;162;1.5;24620;275;26.9;20349;756;3.9;5851;364;7.9;566549;852;3;188837;1013;3.7
e:\XRF_Data\Nathalie Dubois\AWEL2017\AW-13-16\Run 1 at  10kV\AW-13-16  450.0mm  30s  10kV 1500uA No-Filter   0.0mm Run1 Rep0.wax;30;39;23/01/2017 22:06:58;;450;;1720;126;0.7;66627;309;3.5;-470;162;2;25027;278;23.3;20243;765;3.7;6728;364;8;563937;851;3;192014;1024;5.1
e:\XRF_Data\Nathalie Dubois\AWEL2017\AW-13-16\Run 1 at  10kV\AW-13-16  455.0mm  30s  10kV 1500uA No-Filter   0.0mm Run1 Rep0.wax;30;38;23/01/2017 22:07:49;;455;;1620;122;0.7;65308;304;2.8;-406;156;1.7;24878;273;21.1;19670;759;3.9;6139;358;8.1;438785;773;3.4;190445;1015;3.4
e:\XRF_Data\Nathalie Dubois\AWEL2017\AW-13-16\Run 1 at  10kV\AW-13-16  460.0mm  30s  10kV 1500uA No-Filter   0.0mm Run1 Rep0.wax;30;39;23/01/2017 22:08:39;;460;;1435;122;0.7;64576;302;1.3;-146;157;1.1;24481;274;20.5;20485;757;3.6;5004;356;5.3;475513;797;2.6;186112;1009;3
e:\XRF_Data\Nathalie Dubois\AWEL2017\AW-13-16\Run 1 at  10kV\AW-13-16  465.0mm  30s  10kV 1500uA No-Filter   0.0mm Run1 Rep0.wax;30;38;23/01/2017 22:09:28;;465;;1676;122;0.7;69163;311;2;-690;157;1.4;21691;267;12.5;19946;737;2.7;5601;353;5;480523;793;3;180999;989;3.6
e:\XRF_Data\Nathalie Dubois\AWEL2017\AW-13-16\Run 1 at  10kV\AW-13-16  470.0mm  30s  10kV 1500uA No-Filter   0.0mm Run1 Rep0.wax;30;38;23/01/2017 22:10:17;;470;;1479;119;0.8;65834;303;1.4;-375;151;0.8;21874;267;7.5;21241;761;2;3366;347;5.5;334664;701;2.4;189628;1009;3.1
e:\XRF_Data\Nathalie Dubois\AWEL2017\AW-13-16\Run 1 at  10kV\AW-13-16  475.0mm  30s  10kV 1500uA No-Filter   0.0mm Run1 Rep0.wax;30;37;23/01/2017 22:11:07;;475;;1322;114;1.1;61910;293;1.6;-230;140;1.2;18500;252;0.8;20045;768;1.5;1420;332;5.1;202560;589;1.8;186339;1007;2.5
e:\XRF_Data\Nathalie Dubois\AWEL2017\AW-13-16\Run 1 at  10kV\AW-13-16  480.0mm  30s  10kV 1500uA No-Filter   0.0mm Run1 Rep0.wax;30;38;23/01/2017 22:11:55;;480;;1510;119;0.9;66520;304;1.9;-664;147;1.1;21199;264;3.4;21069;783;2.2;4519;348;4.9;241265;630;3.1;198642;1031;3.1
e:\XRF_Data\Nathalie Dubois\AWEL2017\AW-13-16\Run 1 at  10kV\AW-13-16  485.0mm  30s  10kV 1500uA No-Filter   0.0mm Run1 Rep0.wax;30;38;23/01/2017 22:12:44;;485;;1836;123;1.2;75708;320;1.9;116;151;1.3;22794;269;6.2;22379;761;2.7;9790;362;8.2;305134;683;2.2;194534;1016;3.7
e:\XRF_Data\Nathalie Dubois\AWEL2017\AW-13-16\Run 1 at  10kV\AW-13-16  490.0mm  30s  10kV 1500uA No-Filter   0.0mm Run1 Rep0.wax;30;38;23/01/2017 22:13:34;;490;;1891;124;1.6;76204;321;1.2;-181;150;1.2;21909;266;2.8;23715;771;2.9;9729;359;5.8;271340;655;2.1;197776;1023;3.2
e:\XRF_Data\Nathalie Dubois\AWEL2017\AW-13-16\Run 1 at  10kV\AW-13-16  495.0mm  30s  10kV 1500uA No-Filter   0.0mm Run1 Rep0.wax;30;38;23/01/2017 22:14:23;;495;;2951;130;1.2;95551;352;2.3;-220;152;0.6;22638;264;10.4;22288;696;3.1;19725;373;5;290978;664;3.3;170713;942;4.2
e:\XRF_Data\Nathalie Dubois\AWEL2017\AW-13-16\Run 1 at  10kV\AW-13-16  500.0mm  30s  10kV 1500uA No-Filter   0.0mm Run1 Rep0.wax;30;37;23/01/2017 22:15:11;;500;;2180;123;1.6;82520;329;1.3;81;147;1.1;26068;270;9.5;21422;712;2;11126;352;3.9;237401;617;2.1;170725;952;2.9
e:\XRF_Data\Nathalie Dubois\AWEL2017\AW-13-16\Run 1 at  10kV\AW-13-16  505.0mm  30s  10kV 1500uA No-Filter   0.0mm Run1 Rep0.wax;30;37;23/01/2017 22:16:00;;505;;1936;121;0.7;74791;317;1.3;78;146;1.7;25303;269;8.8;22685;737;3.1;6636;345;4.3;248278;627;2.5;178980;980;3.6
e:\XRF_Data\Nathalie Dubois\AWEL2017\AW-13-16\Run 1 at  10kV\AW-13-16  510.0mm  30s  10kV 1500uA No-Filter   0.0mm Run1 Rep0.wax;30;39;23/01/2017 22:16:48;;510;;1929;126;1.4;78418;326;2.5;-30;153;0.4;25617;278;7.8;25445;792;2.2;9975;369;6.6;293008;680;3.1;208040;1051;4
e:\XRF_Data\Nathalie Dubois\AWEL2017\AW-13-16\Run 1 at  10kV\AW-13-16  515.0mm  30s  10kV 1500uA No-Filter   0.0mm Run1 Rep0.wax;30;39;23/01/2017 22:17:38;;515;;2066;129;1.1;81137;332;2.2;-265;156;0.7;26778;282;12.2;24655;784;4.1;10309;376;8.3;310558;698;2.9;209262;1045;4.6
e:\XRF_Data\Nathalie Dubois\AWEL2017\AW-13-16\Run 1 at  10kV\AW-13-16  520.0mm  30s  10kV 1500uA No-Filter   0.0mm Run1 Rep0.wax;30;39;23/01/2017 22:18:28;;520;;2168;127;1.1;78070;326;1.8;-234;154;1.6;24156;275;3.7;25312;790;2.2;9706;374;6.9;329239;708;2.7;210948;1051;4.1
e:\XRF_Data\Nathalie Dubois\AWEL2017\AW-13-16\Run 1 at  10kV\AW-13-16  525.0mm  30s  10kV 1500uA No-Filter   0.0mm Run1 Rep0.wax;30;40;23/01/2017 22:19:18;;525;;2693;136;0.8;91938;352;1.9;-360;165;1.4;28177;289;11.9;25859;794;3.9;15944;394;8.5;447426;792;2.7;216912;1070;6.9
e:\XRF_Data\Nathalie Dubois\AWEL2017\AW-13-16\Run 1 at  10kV\AW-13-16  530.0mm  30s  10kV 1500uA No-Filter   0.0mm Run1 Rep0.wax;30;39;23/01/2017 22:20:09;;530;;2138;134;0.9;87993;345;1.4;-474;162;0.9;26289;284;9.4;24890;777;3.8;14321;387;9;467410;801;3.6;210828;1048;6.4
e:\XRF_Data\Nathalie Dubois\AWEL2017\AW-13-16\Run 1 at  10kV\AW-13-16  535.0mm  30s  10kV 1500uA No-Filter   0.0mm Run1 Rep0.wax;30;38;23/01/2017 22:21:00;;535;;2321;125;0.8;77486;323;1.8;-368;150;0.5;22254;264;3.4;21925;749;2.9;8310;358;6.1;327919;694;3.5;191710;1005;4.4
e:\XRF_Data\Nathalie Dubois\AWEL2017\AW-13-16\Run 1 at  10kV\AW-13-16  540.0mm  30s  10kV 1500uA No-Filter   0.0mm Run1 Rep0.wax;30;38;23/01/2017 22:21:50;;540;;2411;126;1.4;80492;328;1.1;-325;152;0.8;21796;266;1.4;23340;762;2.4;9817;361;5.7;338652;704;2.8;203158;1021;4.5
e:\XRF_Data\Nathalie Dubois\AWEL2017\AW-13-16\Run 1 at  10kV\AW-13-16  545.0mm  30s  10kV 1500uA No-Filter   0.0mm Run1 Rep0.wax;30;38;23/01/2017 22:22:39;;545;;1751;123;0.6;72197;315;2.6;-398;151;0.7;21023;267;1.8;24455;786;2.3;6577;358;4.3;296538;678;3.1;207669;1040;3.9
e:\XRF_Data\Nathalie Dubois\AWEL2017\AW-13-16\Run 1 at  10kV\AW-13-16  550.0mm  30s  10kV 1500uA No-Filter   0.0mm Run1 Rep0.wax;30;38;23/01/2017 22:23:28;;550;;1768;117;0.6;70619;309;1.4;-255;144;0.9;17557;251;1.5;24490;766;1.5;5060;341;5.5;247282;627;3.4;194771;1010;2.6
e:\XRF_Data\Nathalie Dubois\AWEL2017\AW-13-16\Run 1 at  10kV\AW-13-16  555.0mm  30s  10kV 1500uA No-Filter   0.0mm Run1 Rep0.wax;30;38;23/01/2017 22:24:17;;555;;1994;123;0.8;76752;321;1.7;-34;149;1;19488;259;1.5;25736;771;3;8705;359;5.9;300913;676;3.3;203376;1025;5.8
e:\XRF_Data\Nathalie Dubois\AWEL2017\AW-13-16\Run 1 at  10kV\AW-13-16  560.0mm  30s  10kV 1500uA No-Filter   0.0mm Run1 Rep0.wax;30;39;23/01/2017 22:25:06;;560;;1955;128;0.7;80662;331;1.9;-126;156;1.1;21728;272;3.3;24274;789;3.3;9938;377;6.5;367114;736;3.4;217052;1057;5.4
e:\XRF_Data\Nathalie Dubois\AWEL2017\AW-13-16\Run 1 at  10kV\AW-13-16  565.0mm  30s  10kV 1500uA No-Filter   0.0mm Run1 Rep0.wax;30;39;23/01/2017 22:25:57;;565;;2598;132;0.8;87598;342;1.2;-29;157;1.5;22838;274;3;26536;802;2.7;12573;376;6.5;386039;743;2.7;224624;1075;5.6
e:\XRF_Data\Nathalie Dubois\AWEL2017\AW-13-16\Run 1 at  10kV\AW-13-16  570.0mm  30s  10kV 1500uA No-Filter   0.0mm Run1 Rep0.wax;30;39;23/01/2017 22:26:47;;570;;2320;127;0.5;77594;324;2.5;125;152;0.5;20322;265;1.2;26970;808;2.9;8085;363;6.1;285025;672;4;219674;1068;5.9
e:\XRF_Data\Nathalie Dubois\AWEL2017\AW-13-16\Run 1 at  10kV\AW-13-16  575.0mm  30s  10kV 1500uA No-Filter   0.0mm Run1 Rep0.wax;30;38;23/01/2017 22:27:37;;575;;2264;128;1.4;79183;328;1.7;-433;153;1;19392;263;2.4;27251;815;2.9;6190;359;5.3;267164;655;2.6;227747;1074;5.3
e:\XRF_Data\Nathalie Dubois\AWEL2017\AW-13-16\Run 1 at  10kV\AW-13-16  580.0mm  30s  10kV 1500uA No-Filter   0.0mm Run1 Rep0.wax;30;39;23/01/2017 22:28:26;;580;;1921;130;0.5;81138;333;3.7;64;157;0.7;21266;275;5.8;29798;859;3.6;8222;378;4.8;301531;693;5.1;252393;1130;7.3
e:\XRF_Data\Nathalie Dubois\AWEL2017\AW-13-16\Run 1 at  10kV\AW-13-16  585.0mm  30s  10kV 1500uA No-Filter   0.0mm Run1 Rep0.wax;30;39;23/01/2017 22:29:17;;585;;1741;127;1.3;80032;330;2.5;-300;153;1;19645;267;3.8;26293;815;2.9;8683;371;4.8;282749;676;3.8;227801;1077;5.6
e:\XRF_Data\Nathalie Dubois\AWEL2017\AW-13-16\Run 1 at  10kV\AW-13-16  590.0mm  30s  10kV 1500uA No-Filter   0.0mm Run1 Rep0.wax;30;38;23/01/2017 22:30:07;;590;;1565;120;0.6;68980;307;2.2;-237;144;1.2;19283;259;2.7;25772;815;1.6;5005;349;4.7;169309;571;3.7;209617;1050;3.2
e:\XRF_Data\Nathalie Dubois\AWEL2017\AW-13-16\Run 1 at  10kV\AW-13-16  595.0mm  30s  10kV 1500uA No-Filter   0.0mm Run1 Rep0.wax;30;39;23/01/2017 22:30:56;;595;;1664;125;1.2;72051;315;1.6;-23;150;0.5;19901;267;3.8;26151;844;1.7;6278;366;4;217592;626;2.4;229109;1097;3.9
e:\XRF_Data\Nathalie Dubois\AWEL2017\AW-13-16\Run 1 at  10kV\AW-13-16  600.0mm  30s  10kV 1500uA No-Filter   0.0mm Run1 Rep0.wax;30;39;23/01/2017 22:31:46;;600;;2146;125;1.4;76993;323;2;264;150;1.3;20750;267;3.2;27109;827;2.8;9948;375;5;235868;641;3.4;226233;1085;6
e:\XRF_Data\Nathalie Dubois\AWEL2017\AW-13-16\Run 1 at  10kV\AW-13-16  605.0mm  30s  10kV 1500uA No-Filter   0.0mm Run1 Rep0.wax;30;40;23/01/2017 22:32:36;;605;;1864;131;0.6;81546;334;1.8;-71;159;1;22477;278;2.9;29036;859;3.3;11635;384;5.3;288228;686;3.5;251501;1129;6.5
e:\XRF_Data\Nathalie Dubois\AWEL2017\AW-13-16\Run 1 at  10kV\AW-13-16  610.0mm  30s  10kV 1500uA No-Filter   0.0mm Run1 Rep0.wax;30;39;23/01/2017 22:33:27;;610;;1952;131;0.9;79339;331;2.3;-35;160;1;22873;279;2.2;28145;867;4.4;11239;376;5.4;369768;736;3.3;257722;1145;6.7
e:\XRF_Data\Nathalie Dubois\AWEL2017\AW-13-16\Run 1 at  10kV\AW-13-16  615.0mm  30s  10kV 1500uA No-Filter   0.0mm Run1 Rep0.wax;30;38;23/01/2017 22:34:19;;615;;1881;123;0.6;76840;323;1.5;-246;153;0.8;20509;264;2.7;24792;788;2.1;9088;359;5;338309;703;2.8;214495;1049;4.2
e:\XRF_Data\Nathalie Dubois\AWEL2017\AW-13-16\Run 1 at  10kV\AW-13-16  620.0mm  30s  10kV 1500uA No-Filter   0.0mm Run1 Rep0.wax;30;39;23/01/2017 22:35:08;;620;;2265;127;0.3;81454;331;1.5;-74;154;1.1;21540;267;2.4;25829;786;2.8;13487;371;5.2;349406;716;3.1;213167;1050;5
e:\XRF_Data\Nathalie Dubois\AWEL2017\AW-13-16\Run 1 at  10kV\AW-13-16  625.0mm  30s  10kV 1500uA No-Filter   0.0mm Run1 Rep0.wax;30;39;23/01/2017 22:35:58;;625;;2004;127;1;82744;333;2.1;49;152;1.2;22120;267;1.2;25239;780;2.8;12582;376;5.1;301003;685;2.7;210450;1041;6.2
e:\XRF_Data\Nathalie Dubois\AWEL2017\AW-13-16\Run 1 at  10kV\AW-13-16  630.0mm  30s  10kV 1500uA No-Filter   0.0mm Run1 Rep0.wax;30;38;23/01/2017 22:36:47;;630;;1788;121;0.7;75988;319;2.3;-48;146;1.3;20446;260;3.6;23290;762;2.6;11073;368;5.3;248630;644;2.6;198656;1014;3.9
e:\XRF_Data\Nathalie Dubois\AWEL2017\AW-13-16\Run 1 at  10kV\AW-13-16  635.0mm  30s  10kV 1500uA No-Filter   0.0mm Run1 Rep0.wax;30;37;23/01/2017 22:37:37;;635;;2031;119;0.4;76559;318;2.4;-241;141;1.2;20459;257;0.7;29241;765;2.4;10157;346;4.1;181152;566;2.7;186094;997;4.4
e:\XRF_Data\Nathalie Dubois\AWEL2017\AW-13-16\Run 1 at  10kV\AW-13-16  640.0mm  30s  10kV 1500uA No-Filter   0.0mm Run1 Rep0.wax;30;38;23/01/2017 22:38:25;;640;;1741;120;1;74439;316;1.7;-289;145;0.6;24585;270;2.5;22706;768;2.4;12981;363;4.2;189158;587;3;195732;1011;3.8
e:\XRF_Data\Nathalie Dubois\AWEL2017\AW-13-16\Run 1 at  10kV\AW-13-16  645.0mm  30s  10kV 1500uA No-Filter   0.0mm Run1 Rep0.wax;30;38;23/01/2017 22:39:14;;645;;1868;118;0.4;72852;311;2.4;83;141;1.3;24992;265;4.9;20438;751;2.6;9852;350;3;170424;565;3.4;187293;988;4.2
e:\XRF_Data\Nathalie Dubois\AWEL2017\AW-13-16\Run 1 at  10kV\AW-13-16  650.0mm  30s  10kV 1500uA No-Filter   0.0mm Run1 Rep0.wax;30;38;23/01/2017 22:40:04;;650;;1837;125;0.7;78004;324;1.9;149;149;1.2;23988;269;1.1;23136;761;2.6;16093;375;6.9;256215;647;4.1;196676;1015;4.8
e:\XRF_Data\Nathalie Dubois\AWEL2017\AW-13-16\Run 1 at  10kV\AW-13-16  655.0mm  30s  10kV 1500uA No-Filter   0.0mm Run1 Rep0.wax;30;39;23/01/2017 22:40:53;;655;;2167;126;0.4;85722;336;2.3;-462;150;0.7;24204;271;1.5;22167;742;3.4;19658;379;8.1;322810;693;3.5;196216;1003;4.7
e:\XRF_Data\Nathalie Dubois\AWEL2017\AW-13-16\Run 1 at  10kV\AW-13-16  660.0mm  30s  10kV 1500uA No-Filter   0.0mm Run1 Rep0.wax;30;39;23/01/2017 22:41:45;;660;;1716;123;0.7;75963;320;1.8;-48;148;1.6;22970;267;2.2;20396;754;3.3;15073;371;9.2;344175;707;3.3;199649;1016;4.3
e:\XRF_Data\Nathalie Dubois\AWEL2017\AW-13-16\Run 1 at  10kV\AW-13-16  665.0mm  30s  10kV 1500uA No-Filter   0.0mm Run1 Rep0.wax;30;38;23/01/2017 22:42:35;;665;;2023;124;1.1;82667;331;2.4;-520;148;1.7;21997;262;3.3;20482;721;3.9;16263;366;8.3;349899;705;3.4;186028;978;6.1
e:\XRF_Data\Nathalie Dubois\AWEL2017\AW-13-16\Run 1 at  10kV\AW-13-16  670.0mm  30s  10kV 1500uA No-Filter   0.0mm Run1 Rep0.wax;30;38;23/01/2017 22:43:24;;670;;1577;120;0.8;75590;318;2.8;-410;144;0.8;20859;259;2.4;21157;760;2.5;16271;363;5.4;212947;602;2.7;196716;1010;4.2
e:\XRF_Data\Nathalie Dubois\AWEL2017\AW-13-16\Run 1 at  10kV\AW-13-16  675.0mm  30s  10kV 1500uA No-Filter   0.0mm Run1 Rep0.wax;30;38;23/01/2017 22:44:13;;675;;1486;114;1.1;62046;292;2.2;-77;139;1.1;19792;256;6.8;18451;800;3.4;6607;344;3.7;161612;555;1.6;198652;1043;2.9
e:\XRF_Data\Nathalie Dubois\AWEL2017\AW-13-16\Run 1 at  10kV\AW-13-16  680.0mm  30s  10kV 1500uA No-Filter   0.0mm Run1 Rep0.wax;30;38;23/01/2017 22:45:02;;680;;1234;115;0.8;65560;299;1.9;-202;138;1.1;20185;257;4;19218;805;2.3;7137;345;3;147475;542;2;198568;1044;1.9
e:\XRF_Data\Nathalie Dubois\AWEL2017\AW-13-16\Run 1 at  10kV\AW-13-16  685.0mm  30s  10kV 1500uA No-Filter   0.0mm Run1 Rep0.wax;30;38;23/01/2017 22:45:51;;685;;1416;118;0.4;69896;308;1.8;-197;143;0.7;22033;262;3.3;19858;767;1.9;10646;359;6.1;214598;607;2.7;196361;1016;2.2
e:\XRF_Data\Nathalie Dubois\AWEL2017\AW-13-16\Run 1 at  10kV\AW-13-16  690.0mm  30s  10kV 1500uA No-Filter   0.0mm Run1 Rep0.wax;30;38;23/01/2017 22:46:41;;690;;1995;123;1.3;81330;328;1.9;-384;146;1.1;20192;257;5.3;19841;724;4;16246;368;6.7;292650;669;3.6;185554;980;3.9
e:\XRF_Data\Nathalie Dubois\AWEL2017\AW-13-16\Run 1 at  10kV\AW-13-16  695.0mm  30s  10kV 1500uA No-Filter   0.0mm Run1 Rep0.wax;30;36;23/01/2017 22:47:30;;695;;1382;110;0.7;63552;291;1.7;-275;130;0.8;17283;240;4.3;17469;720;2.3;4112;310;2.7;133186;500;1.5;165696;941;1.4
e:\XRF_Data\Nathalie Dubois\AWEL2017\AW-13-16\Run 1 at  10kV\AW-13-16  700.0mm  30s  10kV 1500uA No-Filter   0.0mm Run1 Rep0.wax;30;36;23/01/2017 22:48:18;;700;;2123;113;1;72730;307;2;-244;133;0.7;19388;241;0.8;19050;656;2;10809;317;3.6;163750;524;2.5;144750;873;2.5
e:\XRF_Data\Nathalie Dubois\AWEL2017\AW-13-16\Run 1 at  10kV\AW-13-16  705.0mm  30s  10kV 1500uA No-Filter   0.0mm Run1 Rep0.wax;30;36;23/01/2017 22:49:06;;705;;2203;111;0.9;72331;306;1.1;-263;133;1.4;19078;240;1.6;17025;663;2.3;11024;319;3.3;142725;506;2.9;151059;882;3.6
e:\XRF_Data\Nathalie Dubois\AWEL2017\AW-13-16\Run 1 at  10kV\AW-13-16  710.0mm  30s  10kV 1500uA No-Filter   0.0mm Run1 Rep0.wax;30;36;23/01/2017 22:49:54;;710;;1614;109;0.4;63471;291;1.9;-502;130;0.7;18274;241;0.6;17044;705;1.1;7778;316;3.8;118460;484;1.6;157551;918;1.5
e:\XRF_Data\Nathalie Dubois\AWEL2017\AW-13-16\Run 1 at  10kV\AW-13-16  715.0mm  30s  10kV 1500uA No-Filter   0.0mm Run1 Rep0.wax;30;36;23/01/2017 22:50:41;;715;;1697;110;0.5;66530;296;1.4;-400;131;0.8;15823;236;1.7;17482;686;2.7;10140;326;4.9;158608;529;2.9;159247;909;3.6
e:\XRF_Data\Nathalie Dubois\AWEL2017\AW-13-16\Run 1 at  10kV\AW-13-16  720.0mm  30s  10kV 1500uA No-Filter   0.0mm Run1 Rep0.wax;30;36;23/01/2017 22:51:29;;720;;1604;109;0.4;68612;298;1;-211;128;0.8;14909;226;2;15895;643;2.3;10357;315;3.1;172704;532;1.7;143256;863;2.2
e:\XRF_Data\Nathalie Dubois\AWEL2017\AW-13-16\Run 1 at  10kV\AW-13-16  725.0mm  30s  10kV 1500uA No-Filter   0.0mm Run1 Rep0.wax;30;34;23/01/2017 22:52:17;;725;;1221;94;1.6;58254;273;1.2;-196;115;0.8;9823;201;0.8;14092;641;0.8;2646;260;3.5;81088;395;0.7;123709;831;0.5
e:\XRF_Data\Nathalie Dubois\AWEL2017\AW-13-16\Run 1 at  10kV\AW-13-16  730.0mm  30s  10kV 1500uA No-Filter   0.0mm Run1 Rep0.wax;30;35;23/01/2017 22:53:04;;730;;897;96;1.5;52469;264;1.3;-278;119;1.6;14819;218;3.3;14585;659;1.9;713;271;2.7;90914;426;0.5;126628;854;1.1
e:\XRF_Data\Nathalie Dubois\AWEL2017\AW-13-16\Run 1 at  10kV\AW-13-16  735.0mm  30s  10kV 1500uA No-Filter   0.0mm Run1 Rep0.wax;30;33;23/01/2017 22:53:52;;735;;372;79;0.8;44409;238;1.2;-47;103;0.5;2731;177;3.8;-4205;1444;3.8;-6002;255;8;9246;237;3.2;134080;1534;4